idna_subject,checker_type,destination,source,tested_at,session_id
0x1f4b0.com,AVAILABILITY,origin.list,origin.list,2022-04-07 05:08:42.528899,295025894d2ef1c4e78ecd12
0aqpqdju.me,AVAILABILITY,origin.list,origin.list,2022-04-07 05:08:42.528732,295025894d2ef1c4e78ecd12
1q2w3.fun,AVAILABILITY,origin.list,origin.list,2022-04-07 05:08:42.799019,295025894d2ef1c4e78ecd12
01.beeppool.org,AVAILABILITY,origin.list,origin.list,2022-04-07 05:08:42.921622,295025894d2ef1c4e78ecd12
1480876790.rsc.cdn77.org,AVAILABILITY,origin.list,origin.list,2022-04-07 05:08:43.967191,295025894d2ef1c4e78ecd12
1q2w3.website,AVAILABILITY,origin.list,origin.list,2022-04-07 05:08:45.062426,295025894d2ef1c4e78ecd12
2giga.link,AVAILABILITY,origin.list,origin.list,2022-04-07 05:08:45.390996,295025894d2ef1c4e78ecd12
50-50-pool.burst.beeppool.org,AVAILABILITY,origin.list,origin.list,2022-04-07 05:08:46.211268,295025894d2ef1c4e78ecd12
50bots.nullrefexcep.com,AVAILABILITY,origin.list,origin.list,2022-04-07 05:08:47.116721,295025894d2ef1c4e78ecd12
a.proxy4.nullrefexcep.com,AVAILABILITY,origin.list,origin.list,2022-04-07 05:08:48.085750,295025894d2ef1c4e78ecd12
8000plus.si,AVAILABILITY,origin.list,origin.list,2022-04-07 05:08:48.622272,295025894d2ef1c4e78ecd12
aalbbh84.info,AVAILABILITY,origin.list,origin.list,2022-04-07 05:08:50.159992,295025894d2ef1c4e78ecd12
a.proxy5.nullrefexcep.com,AVAILABILITY,origin.list,origin.list,2022-04-07 05:08:50.242122,295025894d2ef1c4e78ecd12
abc.pema.cl,AVAILABILITY,origin.list,origin.list,2022-04-07 05:08:50.436395,295025894d2ef1c4e78ecd12
aba.ae,AVAILABILITY,origin.list,origin.list,2022-04-07 05:08:52.084880,295025894d2ef1c4e78ecd12
activation.nimiq.com,AVAILABILITY,origin.list,origin.list,2022-04-07 05:08:53.229778,295025894d2ef1c4e78ecd12
ad-miner.com,AVAILABILITY,origin.list,origin.list,2022-04-07 05:08:53.838498,295025894d2ef1c4e78ecd12
acbp0020171456.page.tl,AVAILABILITY,origin.list,origin.list,2022-04-07 05:08:53.908440,295025894d2ef1c4e78ecd12
acm.beeppool.org,AVAILABILITY,origin.list,origin.list,2022-04-07 05:08:54.526292,295025894d2ef1c4e78ecd12
ad.g-content.bid,AVAILABILITY,origin.list,origin.list,2022-04-07 05:08:54.558026,295025894d2ef1c4e78ecd12
adbtc.top,AVAILABILITY,origin.list,origin.list,2022-04-07 05:08:55.378160,295025894d2ef1c4e78ecd12
adless.io,AVAILABILITY,origin.list,origin.list,2022-04-07 05:08:56.099571,295025894d2ef1c4e78ecd12
admin.beeppool.org,AVAILABILITY,origin.list,origin.list,2022-04-07 05:08:56.859332,295025894d2ef1c4e78ecd12
aeon.crypto-webminer.com,AVAILABILITY,origin.list,origin.list,2022-04-07 05:08:57.400587,295025894d2ef1c4e78ecd12
adrenali.gq,AVAILABILITY,origin.list,origin.list,2022-04-07 05:08:57.418976,295025894d2ef1c4e78ecd12
aeon.hashvault.pro,AVAILABILITY,origin.list,origin.list,2022-04-07 05:08:59.443825,295025894d2ef1c4e78ecd12
aeros01.tk,AVAILABILITY,origin.list,origin.list,2022-04-07 05:08:59.760881,295025894d2ef1c4e78ecd12
adminer.com,AVAILABILITY,origin.list,origin.list,2022-04-07 05:09:00.260873,295025894d2ef1c4e78ecd12
3d0cb547.space,AVAILABILITY,origin.list,origin.list,2022-04-07 05:09:00.817581,295025894d2ef1c4e78ecd12
ahoyhyperbay.com,AVAILABILITY,origin.list,origin.list,2022-04-07 05:09:02.924599,295025894d2ef1c4e78ecd12
airproxyproxy.pw,AVAILABILITY,origin.list,origin.list,2022-04-07 05:09:03.582202,295025894d2ef1c4e78ecd12
ahoypiratebaai.eu,AVAILABILITY,origin.list,origin.list,2022-04-07 05:09:03.584698,295025894d2ef1c4e78ecd12
airproxyboat.in,AVAILABILITY,origin.list,origin.list,2022-04-07 05:09:03.805184,295025894d2ef1c4e78ecd12
airproxyunblocked.org,AVAILABILITY,origin.list,origin.list,2022-04-07 05:09:04.981100,295025894d2ef1c4e78ecd12
aleinvest.xyz,AVAILABILITY,origin.list,origin.list,2022-04-07 05:09:06.330371,295025894d2ef1c4e78ecd12
ak.cdn-jquery.host,AVAILABILITY,origin.list,origin.list,2022-04-07 05:09:06.383104,295025894d2ef1c4e78ecd12
alemoney.xyz,AVAILABILITY,origin.list,origin.list,2022-04-07 05:09:07.399736,295025894d2ef1c4e78ecd12
allfontshere.press,AVAILABILITY,origin.list,origin.list,2022-04-07 05:09:08.817894,295025894d2ef1c4e78ecd12
ajcryptominer.com,AVAILABILITY,origin.list,origin.list,2022-04-07 05:09:09.051013,295025894d2ef1c4e78ecd12
alpha3.beeppool.org,AVAILABILITY,origin.list,origin.list,2022-04-07 05:09:11.184513,295025894d2ef1c4e78ecd12
alpha5.beeppool.org,AVAILABILITY,origin.list,origin.list,2022-04-07 05:09:11.279478,295025894d2ef1c4e78ecd12
altavista.ovh,AVAILABILITY,origin.list,origin.list,2022-04-07 05:09:12.363678,295025894d2ef1c4e78ecd12
altpool.pro,AVAILABILITY,origin.list,origin.list,2022-04-07 05:09:13.187681,295025894d2ef1c4e78ecd12
america.monerise.com,AVAILABILITY,origin.list,origin.list,2022-04-07 05:09:14.230695,295025894d2ef1c4e78ecd12
analytics.blue,AVAILABILITY,origin.list,origin.list,2022-04-07 05:09:15.444031,295025894d2ef1c4e78ecd12
andlache.com,AVAILABILITY,origin.list,origin.list,2022-04-07 05:09:16.985101,295025894d2ef1c4e78ecd12
andrew.nullrefexcep.com,AVAILABILITY,origin.list,origin.list,2022-04-07 05:09:17.099603,295025894d2ef1c4e78ecd12
anime.reactor.cc,AVAILABILITY,origin.list,origin.list,2022-04-07 05:09:18.426100,295025894d2ef1c4e78ecd12
alflying.win,AVAILABILITY,origin.list,origin.list,2022-04-07 05:09:18.666401,295025894d2ef1c4e78ecd12
anx.beeppool.org,AVAILABILITY,origin.list,origin.list,2022-04-07 05:09:18.769346,295025894d2ef1c4e78ecd12
apdrive.win,AVAILABILITY,origin.list,origin.list,2022-04-07 05:09:20.655753,295025894d2ef1c4e78ecd12
anybest.site,AVAILABILITY,origin.list,origin.list,2022-04-07 05:09:20.846431,295025894d2ef1c4e78ecd12
api-backup.viaxmr.com,AVAILABILITY,origin.list,origin.list,2022-04-07 05:09:21.025551,295025894d2ef1c4e78ecd12
api-etn.beeppool.org,AVAILABILITY,origin.list,origin.list,2022-04-07 05:09:21.569533,295025894d2ef1c4e78ecd12
api.browsermine.com,AVAILABILITY,origin.list,origin.list,2022-04-07 05:09:24.129577,295025894d2ef1c4e78ecd12
api.crypto-loot.com,AVAILABILITY,origin.list,origin.list,2022-04-07 05:09:25.216431,295025894d2ef1c4e78ecd12
api.inwemo.com,AVAILABILITY,origin.list,origin.list,2022-04-07 05:09:28.509141,295025894d2ef1c4e78ecd12
api.miner.beeppool.org,AVAILABILITY,origin.list,origin.list,2022-04-07 05:09:31.055322,295025894d2ef1c4e78ecd12
api.minero.cc,AVAILABILITY,origin.list,origin.list,2022-04-07 05:09:32.818445,295025894d2ef1c4e78ecd12
api.coinerra.com,AVAILABILITY,origin.list,origin.list,2022-04-07 05:09:33.751060,295025894d2ef1c4e78ecd12
api.minexmr.com,AVAILABILITY,origin.list,origin.list,2022-04-07 05:09:34.037909,295025894d2ef1c4e78ecd12
api.monerise.com,AVAILABILITY,origin.list,origin.list,2022-04-07 05:09:34.930754,295025894d2ef1c4e78ecd12
api.moneroocean.stream,AVAILABILITY,origin.list,origin.list,2022-04-07 05:09:35.181348,295025894d2ef1c4e78ecd12
api.viaxmr.com,AVAILABILITY,origin.list,origin.list,2022-04-07 05:09:36.639362,295025894d2ef1c4e78ecd12
apib.monerise.com,AVAILABILITY,origin.list,origin.list,2022-04-07 05:09:37.591406,295025894d2ef1c4e78ecd12
apin.monerise.com,AVAILABILITY,origin.list,origin.list,2022-04-07 05:09:38.464899,295025894d2ef1c4e78ecd12
argus.beeppool.org,AVAILABILITY,origin.list,origin.list,2022-04-07 05:09:40.436191,295025894d2ef1c4e78ecd12
arizona-miner.tk,AVAILABILITY,origin.list,origin.list,2022-04-07 05:09:41.156542,295025894d2ef1c4e78ecd12
api.xmrpool.net,AVAILABILITY,origin.list,origin.list,2022-04-07 05:09:46.604756,295025894d2ef1c4e78ecd12
asia-mine.beeppool.org,AVAILABILITY,origin.list,origin.list,2022-04-07 05:09:47.608599,295025894d2ef1c4e78ecd12
asia.monerise.com,AVAILABILITY,origin.list,origin.list,2022-04-07 05:09:49.697684,295025894d2ef1c4e78ecd12
asia.x11.beeppool.org,AVAILABILITY,origin.list,origin.list,2022-04-07 05:09:52.306673,295025894d2ef1c4e78ecd12
ajplugins.com,AVAILABILITY,origin.list,origin.list,2022-04-07 05:09:52.750544,295025894d2ef1c4e78ecd12
api.3d0cb547.space,AVAILABILITY,origin.list,origin.list,2022-04-07 05:09:53.445254,295025894d2ef1c4e78ecd12
at02.beeppool.org,AVAILABILITY,origin.list,origin.list,2022-04-07 05:09:55.952931,295025894d2ef1c4e78ecd12
asset.nahnoji.cz,AVAILABILITY,origin.list,origin.list,2022-04-07 05:09:56.427534,295025894d2ef1c4e78ecd12
atomi.beeppool.org,AVAILABILITY,origin.list,origin.list,2022-04-07 05:09:56.721526,295025894d2ef1c4e78ecd12
au2.beeppool.org,AVAILABILITY,origin.list,origin.list,2022-04-07 05:09:58.297916,295025894d2ef1c4e78ecd12
auroramine.com,AVAILABILITY,origin.list,origin.list,2022-04-07 05:09:58.658786,295025894d2ef1c4e78ecd12
au5.beeppool.org,AVAILABILITY,origin.list,origin.list,2022-04-07 05:09:59.253121,295025894d2ef1c4e78ecd12
auth.crypto-webminer.com,AVAILABILITY,origin.list,origin.list,2022-04-07 05:10:01.075698,295025894d2ef1c4e78ecd12
authedmine.com,AVAILABILITY,origin.list,origin.list,2022-04-07 05:10:01.175842,295025894d2ef1c4e78ecd12
authedmine.eu,AVAILABILITY,origin.list,origin.list,2022-04-07 05:10:04.068958,295025894d2ef1c4e78ecd12
authedwebmine.cz,AVAILABILITY,origin.list,origin.list,2022-04-07 05:10:05.813400,295025894d2ef1c4e78ecd12
auto.monerise.com,AVAILABILITY,origin.list,origin.list,2022-04-07 05:10:06.422400,295025894d2ef1c4e78ecd12
autoconfig.nimiq.com,AVAILABILITY,origin.list,origin.list,2022-04-07 05:10:08.384192,295025894d2ef1c4e78ecd12
autoconfig.nimiqpool.com,AVAILABILITY,origin.list,origin.list,2022-04-07 05:10:08.953756,295025894d2ef1c4e78ecd12
authcaptcha.com,AVAILABILITY,origin.list,origin.list,2022-04-07 05:10:10.019434,295025894d2ef1c4e78ecd12
autodiscover.nimiq.com,AVAILABILITY,origin.list,origin.list,2022-04-07 05:10:10.709757,295025894d2ef1c4e78ecd12
autologica.ga,AVAILABILITY,origin.list,origin.list,2022-04-07 05:10:11.022441,295025894d2ef1c4e78ecd12
avero.xyz,AVAILABILITY,origin.list,origin.list,2022-04-07 05:10:11.692901,295025894d2ef1c4e78ecd12
averoconnector.com,AVAILABILITY,origin.list,origin.list,2022-04-07 05:10:12.508962,295025894d2ef1c4e78ecd12
azvjudwr.info,AVAILABILITY,origin.list,origin.list,2022-04-07 05:10:12.645195,295025894d2ef1c4e78ecd12
axoncoho.tk,AVAILABILITY,origin.list,origin.list,2022-04-07 05:10:13.450986,295025894d2ef1c4e78ecd12
bablace.com,AVAILABILITY,origin.list,origin.list,2022-04-07 05:10:13.752881,295025894d2ef1c4e78ecd12
b.proxy4.nullrefexcep.com,AVAILABILITY,origin.list,origin.list,2022-04-07 05:10:13.842731,295025894d2ef1c4e78ecd12
back4.2giga.link,AVAILABILITY,origin.list,origin.list,2022-04-07 05:10:14.265190,295025894d2ef1c4e78ecd12
baiduccdn1.com,AVAILABILITY,origin.list,origin.list,2022-04-07 05:10:15.169492,295025894d2ef1c4e78ecd12
bajarlo.net,AVAILABILITY,origin.list,origin.list,2022-04-07 05:10:15.219338,295025894d2ef1c4e78ecd12
backupexplorer.beeppool.org,AVAILABILITY,origin.list,origin.list,2022-04-07 05:10:15.608586,295025894d2ef1c4e78ecd12
basepush.com,AVAILABILITY,origin.list,origin.list,2022-04-07 05:10:16.047394,295025894d2ef1c4e78ecd12
bayception.pw,AVAILABILITY,origin.list,origin.list,2022-04-07 05:10:16.551140,295025894d2ef1c4e78ecd12
baypirateproxy.org,AVAILABILITY,origin.list,origin.list,2022-04-07 05:10:17.101780,295025894d2ef1c4e78ecd12
bayhypertpb.be,AVAILABILITY,origin.list,origin.list,2022-04-07 05:10:17.165140,295025894d2ef1c4e78ecd12
baypirateproxy.pw,AVAILABILITY,origin.list,origin.list,2022-04-07 05:10:17.837411,295025894d2ef1c4e78ecd12
bayunblocked.eu,AVAILABILITY,origin.list,origin.list,2022-04-07 05:10:18.656215,295025894d2ef1c4e78ecd12
bci-eu.beeppool.org,AVAILABILITY,origin.list,origin.list,2022-04-07 05:10:18.750386,295025894d2ef1c4e78ecd12
beatingbytes.com,AVAILABILITY,origin.list,origin.list,2022-04-07 05:10:19.102798,295025894d2ef1c4e78ecd12
becanium.com,AVAILABILITY,origin.list,origin.list,2022-04-07 05:10:20.441398,295025894d2ef1c4e78ecd12
beeppool.org,AVAILABILITY,origin.list,origin.list,2022-04-07 05:10:21.324583,295025894d2ef1c4e78ecd12
befirstcdn.com,AVAILABILITY,origin.list,origin.list,2022-04-07 05:10:21.683699,295025894d2ef1c4e78ecd12
belicimo.pw,AVAILABILITY,origin.list,origin.list,2022-04-07 05:10:22.976010,295025894d2ef1c4e78ecd12
afminer.com,AVAILABILITY,origin.list,origin.list,2022-04-07 05:10:23.381140,295025894d2ef1c4e78ecd12
besocial.online,AVAILABILITY,origin.list,origin.list,2022-04-07 05:10:25.433847,295025894d2ef1c4e78ecd12
berateveng.ru,AVAILABILITY,origin.list,origin.list,2022-04-07 05:10:26.240463,295025894d2ef1c4e78ecd12
besstahete.info,AVAILABILITY,origin.list,origin.list,2022-04-07 05:10:26.934917,295025894d2ef1c4e78ecd12
bestcoinsignals.com,AVAILABILITY,origin.list,origin.list,2022-04-07 05:10:27.005880,295025894d2ef1c4e78ecd12
besti.ga,AVAILABILITY,origin.list,origin.list,2022-04-07 05:10:27.660239,295025894d2ef1c4e78ecd12
bestmobiworld.com,AVAILABILITY,origin.list,origin.list,2022-04-07 05:10:28.898721,295025894d2ef1c4e78ecd12
bestsecurepractice.com,AVAILABILITY,origin.list,origin.list,2022-04-07 05:10:29.179982,295025894d2ef1c4e78ecd12
beta.monerise.com,AVAILABILITY,origin.list,origin.list,2022-04-07 05:10:30.517858,295025894d2ef1c4e78ecd12
bewaslac.com,AVAILABILITY,origin.list,origin.list,2022-04-07 05:10:30.789351,295025894d2ef1c4e78ecd12
bezoglasa.online,AVAILABILITY,origin.list,origin.list,2022-04-07 05:10:31.866883,295025894d2ef1c4e78ecd12
biberukalap.com,AVAILABILITY,origin.list,origin.list,2022-04-07 05:10:31.925687,295025894d2ef1c4e78ecd12
binarybusiness.de,AVAILABILITY,origin.list,origin.list,2022-04-07 05:10:33.035155,295025894d2ef1c4e78ecd12
bitcoin-pay.eu,AVAILABILITY,origin.list,origin.list,2022-04-07 05:10:33.335581,295025894d2ef1c4e78ecd12
bip.beeppool.org,AVAILABILITY,origin.list,origin.list,2022-04-07 05:10:33.626384,295025894d2ef1c4e78ecd12
bitcoiner.win,AVAILABILITY,origin.list,origin.list,2022-04-07 05:10:34.113868,295025894d2ef1c4e78ecd12
aservices.party,AVAILABILITY,origin.list,origin.list,2022-04-07 05:10:34.305744,295025894d2ef1c4e78ecd12
bizoninvest.com,AVAILABILITY,origin.list,origin.list,2022-04-07 05:10:35.052959,295025894d2ef1c4e78ecd12
blog.beeppool.org,AVAILABILITY,origin.list,origin.list,2022-04-07 05:10:35.974270,295025894d2ef1c4e78ecd12
bmcm.pw,AVAILABILITY,origin.list,origin.list,2022-04-07 05:10:36.599063,295025894d2ef1c4e78ecd12
bmcm.ml,AVAILABILITY,origin.list,origin.list,2022-04-07 05:10:36.959754,295025894d2ef1c4e78ecd12
bmnr.pw,AVAILABILITY,origin.list,origin.list,2022-04-07 05:10:36.963881,295025894d2ef1c4e78ecd12
bmpx.pw,AVAILABILITY,origin.list,origin.list,2022-04-07 05:10:37.068089,295025894d2ef1c4e78ecd12
blox.minexmr.com,AVAILABILITY,origin.list,origin.list,2022-04-07 05:10:37.221637,295025894d2ef1c4e78ecd12
bmst.pw,AVAILABILITY,origin.list,origin.list,2022-04-07 05:10:38.478853,295025894d2ef1c4e78ecd12
browsermine.12finance.com,AVAILABILITY,origin.list,origin.list,2022-04-07 05:10:39.445086,295025894d2ef1c4e78ecd12
brainwallet.beeppool.org,AVAILABILITY,origin.list,origin.list,2022-04-07 05:10:39.557426,295025894d2ef1c4e78ecd12
browsermine.com,AVAILABILITY,origin.list,origin.list,2022-04-07 05:10:40.027177,295025894d2ef1c4e78ecd12
brominer.com,AVAILABILITY,origin.list,origin.list,2022-04-07 05:10:40.974373,295025894d2ef1c4e78ecd12
browsersurf.12finance.com,AVAILABILITY,origin.list,origin.list,2022-04-07 05:10:41.290223,295025894d2ef1c4e78ecd12
btx-hz.beeppool.org,AVAILABILITY,origin.list,origin.list,2022-04-07 05:10:41.460429,295025894d2ef1c4e78ecd12
bug-bounty1.nimiq-network.com,AVAILABILITY,origin.list,origin.list,2022-04-07 05:10:42.364687,295025894d2ef1c4e78ecd12
bug-bounty2.nimiq-network.com,AVAILABILITY,origin.list,origin.list,2022-04-07 05:10:43.015120,295025894d2ef1c4e78ecd12
butcalve.com,AVAILABILITY,origin.list,origin.list,2022-04-07 05:10:43.452815,295025894d2ef1c4e78ecd12
bug-bounty3.nimiq-network.com,AVAILABILITY,origin.list,origin.list,2022-04-07 05:10:43.751141,295025894d2ef1c4e78ecd12
business.beeppool.org,AVAILABILITY,origin.list,origin.list,2022-04-07 05:10:44.084661,295025894d2ef1c4e78ecd12
buy.beeppool.org,AVAILABILITY,origin.list,origin.list,2022-04-07 05:10:45.188387,295025894d2ef1c4e78ecd12
bytecoin.crypto-webminer.com,AVAILABILITY,origin.list,origin.list,2022-04-07 05:10:45.721410,295025894d2ef1c4e78ecd12
c7e935.netlify.com,AVAILABILITY,origin.list,origin.list,2022-04-07 05:10:46.298201,295025894d2ef1c4e78ecd12
ca.minexmr.com,AVAILABILITY,origin.list,origin.list,2022-04-07 05:10:46.585560,295025894d2ef1c4e78ecd12
can-bhs-c1-p1.inf.nimiq.network,AVAILABILITY,origin.list,origin.list,2022-04-07 05:10:47.002106,295025894d2ef1c4e78ecd12
can-bhs-c1-s1.inf.nimiq.network,AVAILABILITY,origin.list,origin.list,2022-04-07 05:10:48.705401,295025894d2ef1c4e78ecd12
can-bhs-c1-s2.inf.nimiq.network,AVAILABILITY,origin.list,origin.list,2022-04-07 05:10:48.914544,295025894d2ef1c4e78ecd12
candid.zone,AVAILABILITY,origin.list,origin.list,2022-04-07 05:10:49.717092,295025894d2ef1c4e78ecd12
capitain.noblock.pro,AVAILABILITY,origin.list,origin.list,2022-04-07 05:10:49.935258,295025894d2ef1c4e78ecd12
captain.directprimal.com,AVAILABILITY,origin.list,origin.list,2022-04-07 05:10:52.200180,295025894d2ef1c4e78ecd12
captain2.directprimal.com,AVAILABILITY,origin.list,origin.list,2022-04-07 05:10:52.997437,295025894d2ef1c4e78ecd12
captchas.freebitco.in,AVAILABILITY,origin.list,origin.list,2022-04-07 05:10:53.401537,295025894d2ef1c4e78ecd12
captain.noblock.pro,AVAILABILITY,origin.list,origin.list,2022-04-07 05:10:53.583875,295025894d2ef1c4e78ecd12
capodannoinversilia.com,AVAILABILITY,origin.list,origin.list,2022-04-07 05:10:54.043326,295025894d2ef1c4e78ecd12
cashbeet.com,AVAILABILITY,origin.list,origin.list,2022-04-07 05:10:55.641553,295025894d2ef1c4e78ecd12
cdn-102.statdynamic.com,AVAILABILITY,origin.list,origin.list,2022-04-07 05:10:57.219564,295025894d2ef1c4e78ecd12
cdn-jquery.host,AVAILABILITY,origin.list,origin.list,2022-04-07 05:10:58.472227,295025894d2ef1c4e78ecd12
cdjs.online,AVAILABILITY,origin.list,origin.list,2022-04-07 05:10:58.488902,295025894d2ef1c4e78ecd12
cdn.adless.io,AVAILABILITY,origin.list,origin.list,2022-04-07 05:10:59.201325,295025894d2ef1c4e78ecd12
cdn-code.host,AVAILABILITY,origin.list,origin.list,2022-04-07 05:10:59.415007,295025894d2ef1c4e78ecd12
cdn.akubebas.com,AVAILABILITY,origin.list,origin.list,2022-04-07 05:11:00.917208,295025894d2ef1c4e78ecd12
cdn.cloudcoins.co,AVAILABILITY,origin.list,origin.list,2022-04-07 05:11:01.892596,295025894d2ef1c4e78ecd12
cdn.jquery-uim.download,AVAILABILITY,origin.list,origin.list,2022-04-07 05:11:02.760342,295025894d2ef1c4e78ecd12
cdn.inwemo.com,AVAILABILITY,origin.list,origin.list,2022-04-07 05:11:03.726282,295025894d2ef1c4e78ecd12
cdn.nimiq-network.com,AVAILABILITY,origin.list,origin.list,2022-04-07 05:11:04.612087,295025894d2ef1c4e78ecd12
cdn.nimiq.com,AVAILABILITY,origin.list,origin.list,2022-04-07 05:11:04.703972,295025894d2ef1c4e78ecd12
cdn.minescripts.info,AVAILABILITY,origin.list,origin.list,2022-04-07 05:11:06.917988,295025894d2ef1c4e78ecd12
cdn.rocks.io,AVAILABILITY,origin.list,origin.list,2022-04-07 05:11:07.386749,295025894d2ef1c4e78ecd12
cdn.rove.cl,AVAILABILITY,origin.list,origin.list,2022-04-07 05:11:09.226580,295025894d2ef1c4e78ecd12
cdn1.pebx.pl,AVAILABILITY,origin.list,origin.list,2022-04-07 05:11:10.090836,295025894d2ef1c4e78ecd12
cdn2.inwemo.com,AVAILABILITY,origin.list,origin.list,2022-04-07 05:11:10.794873,295025894d2ef1c4e78ecd12
cdnfile.xyz,AVAILABILITY,origin.list,origin.list,2022-04-07 05:11:11.602404,295025894d2ef1c4e78ecd12
cdnjs.cloudflane.com,AVAILABILITY,origin.list,origin.list,2022-04-07 05:11:11.858779,295025894d2ef1c4e78ecd12
cfcd.duckdns.org,AVAILABILITY,origin.list,origin.list,2022-04-07 05:11:14.045796,295025894d2ef1c4e78ecd12
cdns.ws,AVAILABILITY,origin.list,origin.list,2022-04-07 05:11:15.831551,295025894d2ef1c4e78ecd12
cfcdist.gdn,AVAILABILITY,origin.list,origin.list,2022-04-07 05:11:16.899375,295025894d2ef1c4e78ecd12
chainblock.science,AVAILABILITY,origin.list,origin.list,2022-04-07 05:11:18.929350,295025894d2ef1c4e78ecd12
charlie.directprimal.com,AVAILABILITY,origin.list,origin.list,2022-04-07 05:11:19.841824,295025894d2ef1c4e78ecd12
charlie.noblock.pro,AVAILABILITY,origin.list,origin.list,2022-04-07 05:11:21.793364,295025894d2ef1c4e78ecd12
charlie2.directprimal.com,AVAILABILITY,origin.list,origin.list,2022-04-07 05:11:22.431875,295025894d2ef1c4e78ecd12
chmproxy.bid,AVAILABILITY,origin.list,origin.list,2022-04-07 05:11:23.447443,295025894d2ef1c4e78ecd12
cfceu.duckdns.org,AVAILABILITY,origin.list,origin.list,2022-04-07 05:11:27.304975,295025894d2ef1c4e78ecd12
ci.beeppool.org,AVAILABILITY,origin.list,origin.list,2022-04-07 05:11:27.582976,295025894d2ef1c4e78ecd12
cfcs1.duckdns.org,AVAILABILITY,origin.list,origin.list,2022-04-07 05:11:27.601051,295025894d2ef1c4e78ecd12
cieh.mx,AVAILABILITY,origin.list,origin.list,2022-04-07 05:11:27.634206,295025894d2ef1c4e78ecd12
clgserv.pro,AVAILABILITY,origin.list,origin.list,2022-04-07 05:11:28.461428,295025894d2ef1c4e78ecd12
cloud-miner.eu,AVAILABILITY,origin.list,origin.list,2022-04-07 05:11:29.915251,295025894d2ef1c4e78ecd12
cloudcoins.co,AVAILABILITY,origin.list,origin.list,2022-04-07 05:11:30.618773,295025894d2ef1c4e78ecd12
cloud-miner.de,AVAILABILITY,origin.list,origin.list,2022-04-07 05:11:31.000086,295025894d2ef1c4e78ecd12
cloudcdn.gdn,AVAILABILITY,origin.list,origin.list,2022-04-07 05:11:31.833286,295025894d2ef1c4e78ecd12
cloudflane.com,AVAILABILITY,origin.list,origin.list,2022-04-07 05:11:33.590287,295025894d2ef1c4e78ecd12
cloudflare.solutions,AVAILABILITY,origin.list,origin.list,2022-04-07 05:11:34.806813,295025894d2ef1c4e78ecd12
cname.beeppool.org,AVAILABILITY,origin.list,origin.list,2022-04-07 05:11:35.818102,295025894d2ef1c4e78ecd12
cnhv.co,AVAILABILITY,origin.list,origin.list,2022-04-07 05:11:35.958911,295025894d2ef1c4e78ecd12
cnt.st,AVAILABILITY,origin.list,origin.list,2022-04-07 05:11:39.542083,295025894d2ef1c4e78ecd12
cody.services,AVAILABILITY,origin.list,origin.list,2022-04-07 05:11:40.507402,295025894d2ef1c4e78ecd12
code.ws,AVAILABILITY,origin.list,origin.list,2022-04-07 05:11:41.935490,295025894d2ef1c4e78ecd12
coin-hive.com,AVAILABILITY,origin.list,origin.list,2022-04-07 05:11:44.638126,295025894d2ef1c4e78ecd12
coin-cube.com,AVAILABILITY,origin.list,origin.list,2022-04-07 05:11:45.099322,295025894d2ef1c4e78ecd12
coin-have.com,AVAILABILITY,origin.list,origin.list,2022-04-07 05:11:45.257266,295025894d2ef1c4e78ecd12
clod.pw,AVAILABILITY,origin.list,origin.list,2022-04-07 05:11:46.067021,295025894d2ef1c4e78ecd12
coin-service.com,AVAILABILITY,origin.list,origin.list,2022-04-07 05:11:46.424768,295025894d2ef1c4e78ecd12
coinblind.com,AVAILABILITY,origin.list,origin.list,2022-04-07 05:11:48.035261,295025894d2ef1c4e78ecd12
coin.bajarlo.net,AVAILABILITY,origin.list,origin.list,2022-04-07 05:11:48.803952,295025894d2ef1c4e78ecd12
cnt.statistic.date,AVAILABILITY,origin.list,origin.list,2022-04-07 05:11:49.840876,295025894d2ef1c4e78ecd12
coingive.com,AVAILABILITY,origin.list,origin.list,2022-04-07 05:11:51.173556,295025894d2ef1c4e78ecd12
coinhive.com,AVAILABILITY,origin.list,origin.list,2022-04-07 05:11:52.585067,295025894d2ef1c4e78ecd12
coinhive.info,AVAILABILITY,origin.list,origin.list,2022-04-07 05:11:53.054599,295025894d2ef1c4e78ecd12
coinhive.net,AVAILABILITY,origin.list,origin.list,2022-04-07 05:11:53.359149,295025894d2ef1c4e78ecd12
coinhive.org,AVAILABILITY,origin.list,origin.list,2022-04-07 05:11:54.014455,295025894d2ef1c4e78ecd12
coinhiver.com,AVAILABILITY,origin.list,origin.list,2022-04-07 05:11:56.185472,295025894d2ef1c4e78ecd12
coinhives.com,AVAILABILITY,origin.list,origin.list,2022-04-07 05:11:56.762318,295025894d2ef1c4e78ecd12
coinhiveproxy.com,AVAILABILITY,origin.list,origin.list,2022-04-07 05:11:57.653441,295025894d2ef1c4e78ecd12
coinhove.com,AVAILABILITY,origin.list,origin.list,2022-04-07 05:11:57.849398,295025894d2ef1c4e78ecd12
coinerra.com,AVAILABILITY,origin.list,origin.list,2022-04-07 05:11:58.969152,295025894d2ef1c4e78ecd12
coinhub.win,AVAILABILITY,origin.list,origin.list,2022-04-07 05:11:59.972992,295025894d2ef1c4e78ecd12
coinimp.com,AVAILABILITY,origin.list,origin.list,2022-04-07 05:12:00.504674,295025894d2ef1c4e78ecd12
coinive.com,AVAILABILITY,origin.list,origin.list,2022-04-07 05:12:01.077612,295025894d2ef1c4e78ecd12
coinimp.net,AVAILABILITY,origin.list,origin.list,2022-04-07 05:12:01.749483,295025894d2ef1c4e78ecd12
coinjive.com,AVAILABILITY,origin.list,origin.list,2022-04-07 05:12:02.331048,295025894d2ef1c4e78ecd12
coinminingonline.com,AVAILABILITY,origin.list,origin.list,2022-04-07 05:12:03.661291,295025894d2ef1c4e78ecd12
coinnebula.com,AVAILABILITY,origin.list,origin.list,2022-04-07 05:12:05.686836,295025894d2ef1c4e78ecd12
coinpot.co,AVAILABILITY,origin.list,origin.list,2022-04-07 05:12:06.344855,295025894d2ef1c4e78ecd12
coinrail.io,AVAILABILITY,origin.list,origin.list,2022-04-07 05:12:07.821225,295025894d2ef1c4e78ecd12
coinpirate.cf,AVAILABILITY,origin.list,origin.list,2022-04-07 05:12:08.371499,295025894d2ef1c4e78ecd12
coinworker.com,AVAILABILITY,origin.list,origin.list,2022-04-07 05:12:08.435612,295025894d2ef1c4e78ecd12
coinwebmining.com,AVAILABILITY,origin.list,origin.list,2022-04-07 05:12:10.175606,295025894d2ef1c4e78ecd12
community.monerise.com,AVAILABILITY,origin.list,origin.list,2022-04-07 05:12:11.051962,295025894d2ef1c4e78ecd12
cookiescript.info,AVAILABILITY,origin.list,origin.list,2022-04-07 05:12:12.713468,295025894d2ef1c4e78ecd12
cookiescriptcdn.pro,AVAILABILITY,origin.list,origin.list,2022-04-07 05:12:14.624421,295025894d2ef1c4e78ecd12
comwww.beeppool.org,AVAILABILITY,origin.list,origin.list,2022-04-07 05:12:14.889849,295025894d2ef1c4e78ecd12
cpufan.club,AVAILABILITY,origin.list,origin.list,2022-04-07 05:12:24.760862,295025894d2ef1c4e78ecd12
cpcontacts.beeppool.org,AVAILABILITY,origin.list,origin.list,2022-04-07 05:12:25.067117,295025894d2ef1c4e78ecd12
conhive.com,AVAILABILITY,origin.list,origin.list,2022-04-07 05:12:25.087483,295025894d2ef1c4e78ecd12
cpu2cash.link,AVAILABILITY,origin.list,origin.list,2022-04-07 05:12:25.303263,295025894d2ef1c4e78ecd12
crypto-webminer.com,AVAILABILITY,origin.list,origin.list,2022-04-07 05:12:27.980032,295025894d2ef1c4e78ecd12
crypto-loot.com,AVAILABILITY,origin.list,origin.list,2022-04-07 05:12:28.175759,295025894d2ef1c4e78ecd12
crypto-pool.fr,AVAILABILITY,origin.list,origin.list,2022-04-07 05:12:29.733258,295025894d2ef1c4e78ecd12
cryptaloot.pro,AVAILABILITY,origin.list,origin.list,2022-04-07 05:12:31.801690,295025894d2ef1c4e78ecd12
cryptobara.com,AVAILABILITY,origin.list,origin.list,2022-04-07 05:12:32.759458,295025894d2ef1c4e78ecd12
cryptoblocks.site,AVAILABILITY,origin.list,origin.list,2022-04-07 05:12:33.768739,295025894d2ef1c4e78ecd12
coinlab.biz,AVAILABILITY,origin.list,origin.list,2022-04-07 05:12:34.545071,295025894d2ef1c4e78ecd12
cryptoloot.pro,AVAILABILITY,origin.list,origin.list,2022-04-07 05:12:34.754339,295025894d2ef1c4e78ecd12
cryptonoter.torrent.pw,AVAILABILITY,origin.list,origin.list,2022-04-07 05:12:35.982636,295025894d2ef1c4e78ecd12
cryptonoter.com,AVAILABILITY,origin.list,origin.list,2022-04-07 05:12:38.776952,295025894d2ef1c4e78ecd12
cryptotab.net,AVAILABILITY,origin.list,origin.list,2022-04-07 05:12:39.422791,295025894d2ef1c4e78ecd12
cryptosearch.site,AVAILABILITY,origin.list,origin.list,2022-04-07 05:12:40.390732,295025894d2ef1c4e78ecd12
cryptown.netlify.com,AVAILABILITY,origin.list,origin.list,2022-04-07 05:12:44.401660,295025894d2ef1c4e78ecd12
ctrb.jscdndel.com,AVAILABILITY,origin.list,origin.list,2022-04-07 05:12:46.992895,295025894d2ef1c4e78ecd12
cryptopay.org.za,AVAILABILITY,origin.list,origin.list,2022-04-07 05:12:48.432176,295025894d2ef1c4e78ecd12
ctroneum.crypto-webminer.com,AVAILABILITY,origin.list,origin.list,2022-04-07 05:12:50.236054,295025894d2ef1c4e78ecd12
cuev.in,AVAILABILITY,origin.list,origin.list,2022-04-07 05:12:53.391817,295025894d2ef1c4e78ecd12
custom.crypto-webminer.com,AVAILABILITY,origin.list,origin.list,2022-04-07 05:12:55.895194,295025894d2ef1c4e78ecd12
d1e1rbybdt265x.cloudfront.net,AVAILABILITY,origin.list,origin.list,2022-04-07 05:12:59.961712,295025894d2ef1c4e78ecd12
d.greece-search.com,AVAILABILITY,origin.list,origin.list,2022-04-07 05:13:01.512060,295025894d2ef1c4e78ecd12
d3ahinqqx1dy5v.cloudfront.net,AVAILABILITY,origin.list,origin.list,2022-04-07 05:13:02.388844,295025894d2ef1c4e78ecd12
d3iz6lralvg77g.cloudfront.net,AVAILABILITY,origin.list,origin.list,2022-04-07 05:13:05.789642,295025894d2ef1c4e78ecd12
dashboard.monerise.com,AVAILABILITY,origin.list,origin.list,2022-04-07 05:13:11.907251,295025894d2ef1c4e78ecd12
dashboard.inwemo.com,AVAILABILITY,origin.list,origin.list,2022-04-07 05:13:15.165204,295025894d2ef1c4e78ecd12
datasecu.download,AVAILABILITY,origin.list,origin.list,2022-04-07 05:13:16.073111,295025894d2ef1c4e78ecd12
d3ddidv77grh0f.cloudfront.net,AVAILABILITY,origin.list,origin.list,2022-04-07 05:13:17.350754,295025894d2ef1c4e78ecd12
crypto.csgocpu.com,AVAILABILITY,origin.list,origin.list,2022-04-07 05:13:22.386881,295025894d2ef1c4e78ecd12
de-mi-nis-ner.info,AVAILABILITY,origin.list,origin.list,2022-04-07 05:13:22.575985,295025894d2ef1c4e78ecd12
dcr-cd.beeppool.org,AVAILABILITY,origin.list,origin.list,2022-04-07 05:13:24.028127,295025894d2ef1c4e78ecd12
de-ner-mi-nis4.info,AVAILABILITY,origin.list,origin.list,2022-04-07 05:13:31.448035,295025894d2ef1c4e78ecd12
de-mi-nis-ner2.info,AVAILABILITY,origin.list,origin.list,2022-04-07 05:13:31.802366,295025894d2ef1c4e78ecd12
de-nis-ner-mi-5.info,AVAILABILITY,origin.list,origin.list,2022-04-07 05:13:31.988428,295025894d2ef1c4e78ecd12
db.xmrpool.net,AVAILABILITY,origin.list,origin.list,2022-04-07 05:13:32.504447,295025894d2ef1c4e78ecd12
de.cookiescript.info,AVAILABILITY,origin.list,origin.list,2022-04-07 05:13:40.517735,295025894d2ef1c4e78ecd12
de.moneroocean.stream,AVAILABILITY,origin.list,origin.list,2022-04-07 05:13:43.093699,295025894d2ef1c4e78ecd12
dekoder.ws,AVAILABILITY,origin.list,origin.list,2022-04-07 05:13:43.203324,295025894d2ef1c4e78ecd12
deepc.cc,AVAILABILITY,origin.list,origin.list,2022-04-07 05:13:43.325680,295025894d2ef1c4e78ecd12
csgocpu.com,AVAILABILITY,origin.list,origin.list,2022-04-07 05:13:47.183627,295025894d2ef1c4e78ecd12
demo.nimiq.com,AVAILABILITY,origin.list,origin.list,2022-04-07 05:13:49.037018,295025894d2ef1c4e78ecd12
demo.webxmr.com,AVAILABILITY,origin.list,origin.list,2022-04-07 05:13:49.425105,295025894d2ef1c4e78ecd12
dero.crypto-webminer.com,AVAILABILITY,origin.list,origin.list,2022-04-07 05:13:51.905182,295025894d2ef1c4e78ecd12
depttake.ga,AVAILABILITY,origin.list,origin.list,2022-04-07 05:13:53.797259,295025894d2ef1c4e78ecd12
dero.monerise.com,AVAILABILITY,origin.list,origin.list,2022-04-07 05:13:56.500112,295025894d2ef1c4e78ecd12
deu-lim-c1-s2.inf.nimiq.network,AVAILABILITY,origin.list,origin.list,2022-04-07 05:13:56.997466,295025894d2ef1c4e78ecd12
deu-lim-c1-s1.inf.nimiq.network,AVAILABILITY,origin.list,origin.list,2022-04-07 05:13:59.551714,295025894d2ef1c4e78ecd12
deu-lim-c2-s1.inf.nimiq.network,AVAILABILITY,origin.list,origin.list,2022-04-07 05:14:02.055768,295025894d2ef1c4e78ecd12
deu-lim-c2-s2.inf.nimiq.network,AVAILABILITY,origin.list,origin.list,2022-04-07 05:14:04.851993,295025894d2ef1c4e78ecd12
dev-deu-1.inf.nimiq.network,AVAILABILITY,origin.list,origin.list,2022-04-07 05:14:04.861061,295025894d2ef1c4e78ecd12
dev-deu-2.inf.nimiq.network,AVAILABILITY,origin.list,origin.list,2022-04-07 05:14:08.290143,295025894d2ef1c4e78ecd12
dev.cryptobara.com,AVAILABILITY,origin.list,origin.list,2022-04-07 05:14:09.719575,295025894d2ef1c4e78ecd12
dev.nimiq-network.com,AVAILABILITY,origin.list,origin.list,2022-04-07 05:14:13.602567,295025894d2ef1c4e78ecd12
dev.ratingtoplist.com,AVAILABILITY,origin.list,origin.list,2022-04-07 05:14:15.489138,295025894d2ef1c4e78ecd12
digger.cryptobara.com,AVAILABILITY,origin.list,origin.list,2022-04-07 05:14:18.028513,295025894d2ef1c4e78ecd12
devappgrant.space,AVAILABILITY,origin.list,origin.list,2022-04-07 05:14:18.103321,295025894d2ef1c4e78ecd12
developer.jsecoin.com,AVAILABILITY,origin.list,origin.list,2022-04-07 05:14:18.266998,295025894d2ef1c4e78ecd12
digi.beeppool.org,AVAILABILITY,origin.list,origin.list,2022-04-07 05:14:24.572180,295025894d2ef1c4e78ecd12
digxmr.com,AVAILABILITY,origin.list,origin.list,2022-04-07 05:14:24.630908,295025894d2ef1c4e78ecd12
dinastycoin.crypto-webminer.com,AVAILABILITY,origin.list,origin.list,2022-04-07 05:14:25.551904,295025894d2ef1c4e78ecd12
dl.browsermine.com,AVAILABILITY,origin.list,origin.list,2022-04-07 05:14:33.395457,295025894d2ef1c4e78ecd12
dmdamedia.hu,AVAILABILITY,origin.list,origin.list,2022-04-07 05:14:34.240390,295025894d2ef1c4e78ecd12
directprimal.com,AVAILABILITY,origin.list,origin.list,2022-04-07 05:14:35.485183,295025894d2ef1c4e78ecd12
dns11.beeppool.org,AVAILABILITY,origin.list,origin.list,2022-04-07 05:14:40.302499,295025894d2ef1c4e78ecd12
dev.coinlab.biz,AVAILABILITY,origin.list,origin.list,2022-04-07 05:14:42.518386,295025894d2ef1c4e78ecd12
dns7.beeppool.org,AVAILABILITY,origin.list,origin.list,2022-04-07 05:14:42.562481,295025894d2ef1c4e78ecd12
don.beeppool.org,AVAILABILITY,origin.list,origin.list,2022-04-07 05:14:44.933742,295025894d2ef1c4e78ecd12
donate.crypto-webminer.com,AVAILABILITY,origin.list,origin.list,2022-04-07 05:14:49.714402,295025894d2ef1c4e78ecd12
doubleclick2.xyz,AVAILABILITY,origin.list,origin.list,2022-04-07 05:14:50.771166,295025894d2ef1c4e78ecd12
doubleclick1.xyz,AVAILABILITY,origin.list,origin.list,2022-04-07 05:14:50.952908,295025894d2ef1c4e78ecd12
doubleclick3.xyz,AVAILABILITY,origin.list,origin.list,2022-04-07 05:14:53.825477,295025894d2ef1c4e78ecd12
doubleclick4.xyz,AVAILABILITY,origin.list,origin.list,2022-04-07 05:14:58.188714,295025894d2ef1c4e78ecd12
doubleclick5.xyz,AVAILABILITY,origin.list,origin.list,2022-04-07 05:14:58.535461,295025894d2ef1c4e78ecd12
doubleclick6.xyz,AVAILABILITY,origin.list,origin.list,2022-04-07 05:14:59.996161,295025894d2ef1c4e78ecd12
dmg.crypto.csgocpu.com,AVAILABILITY,origin.list,origin.list,2022-04-07 05:15:00.655776,295025894d2ef1c4e78ecd12
drm.beeppool.org,AVAILABILITY,origin.list,origin.list,2022-04-07 05:15:02.014965,295025894d2ef1c4e78ecd12
dsc.beeppool.org,AVAILABILITY,origin.list,origin.list,2022-04-07 05:15:06.664207,295025894d2ef1c4e78ecd12
dzizsih.ru,AVAILABILITY,origin.list,origin.list,2022-04-07 05:15:07.733157,295025894d2ef1c4e78ecd12
dronml.ml,AVAILABILITY,origin.list,origin.list,2022-04-07 05:15:08.072278,295025894d2ef1c4e78ecd12
dutch.beeppool.org,AVAILABILITY,origin.list,origin.list,2022-04-07 05:15:10.259552,295025894d2ef1c4e78ecd12
earncoins.club,AVAILABILITY,origin.list,origin.list,2022-04-07 05:15:11.486140,295025894d2ef1c4e78ecd12
ebt.beeppool.org,AVAILABILITY,origin.list,origin.list,2022-04-07 05:15:15.457557,295025894d2ef1c4e78ecd12
easy.beeppool.org,AVAILABILITY,origin.list,origin.list,2022-04-07 05:15:15.459134,295025894d2ef1c4e78ecd12
easyhash.de,AVAILABILITY,origin.list,origin.list,2022-04-07 05:15:15.894200,295025894d2ef1c4e78ecd12
easyhash.io,AVAILABILITY,origin.list,origin.list,2022-04-07 05:15:17.595183,295025894d2ef1c4e78ecd12
ec2-13-58-215-234.us-east-2.compute.amazonaws.com,AVAILABILITY,origin.list,origin.list,2022-04-07 05:15:18.594636,295025894d2ef1c4e78ecd12
ecportaluat.beeppool.org,AVAILABILITY,origin.list,origin.list,2022-04-07 05:15:24.196231,295025894d2ef1c4e78ecd12
edgeno.de,AVAILABILITY,origin.list,origin.list,2022-04-07 05:15:24.240509,295025894d2ef1c4e78ecd12
electroneum.crypto-webminer.com,AVAILABILITY,origin.list,origin.list,2022-04-07 05:15:25.832674,295025894d2ef1c4e78ecd12
eeme7j.win,AVAILABILITY,origin.list,origin.list,2022-04-07 05:15:26.777691,295025894d2ef1c4e78ecd12
electroneum.monerise.com,AVAILABILITY,origin.list,origin.list,2022-04-07 05:15:27.659088,295025894d2ef1c4e78ecd12
emily.nimiq-network.com,AVAILABILITY,origin.list,origin.list,2022-04-07 05:15:30.389876,295025894d2ef1c4e78ecd12
elya.beeppool.org,AVAILABILITY,origin.list,origin.list,2022-04-07 05:15:30.616290,295025894d2ef1c4e78ecd12
elthamely.com,AVAILABILITY,origin.list,origin.list,2022-04-07 05:15:31.495215,295025894d2ef1c4e78ecd12
emp.beeppool.org,AVAILABILITY,origin.list,origin.list,2022-04-07 05:15:33.969857,295025894d2ef1c4e78ecd12
en.cookiescript.info,AVAILABILITY,origin.list,origin.list,2022-04-07 05:15:36.156168,295025894d2ef1c4e78ecd12
encoding.ovh,AVAILABILITY,origin.list,origin.list,2022-04-07 05:15:36.532212,295025894d2ef1c4e78ecd12
en.crypto-webminer.com,AVAILABILITY,origin.list,origin.list,2022-04-07 05:15:38.984544,295025894d2ef1c4e78ecd12
es.cookiescript.info,AVAILABILITY,origin.list,origin.list,2022-04-07 05:15:39.567443,295025894d2ef1c4e78ecd12
erp.beeppool.org,AVAILABILITY,origin.list,origin.list,2022-04-07 05:15:39.863377,295025894d2ef1c4e78ecd12
et-code.ru,AVAILABILITY,origin.list,origin.list,2022-04-07 05:15:43.239673,295025894d2ef1c4e78ecd12
estream.to,AVAILABILITY,origin.list,origin.list,2022-04-07 05:15:43.513787,295025894d2ef1c4e78ecd12
etacontent.com,AVAILABILITY,origin.list,origin.list,2022-04-07 05:15:46.663119,295025894d2ef1c4e78ecd12
eth-pocket.com,AVAILABILITY,origin.list,origin.list,2022-04-07 05:15:47.452200,295025894d2ef1c4e78ecd12
etc-eu.beeppool.org,AVAILABILITY,origin.list,origin.list,2022-04-07 05:15:48.089334,295025894d2ef1c4e78ecd12
eth-pocket.de,AVAILABILITY,origin.list,origin.list,2022-04-07 05:15:50.479814,295025894d2ef1c4e78ecd12
eth-pocket.eu,AVAILABILITY,origin.list,origin.list,2022-04-07 05:15:52.315510,295025894d2ef1c4e78ecd12
ethereum-pocket.de,AVAILABILITY,origin.list,origin.list,2022-04-07 05:15:52.653115,295025894d2ef1c4e78ecd12
ethtrader.de,AVAILABILITY,origin.list,origin.list,2022-04-07 05:15:57.358751,295025894d2ef1c4e78ecd12
ethereum-pocket.eu,AVAILABILITY,origin.list,origin.list,2022-04-07 05:15:57.468421,295025894d2ef1c4e78ecd12
etsc.beeppool.org,AVAILABILITY,origin.list,origin.list,2022-04-07 05:15:58.399341,295025894d2ef1c4e78ecd12
etnpool.minekitten.io,AVAILABILITY,origin.list,origin.list,2022-04-07 05:16:02.398718,295025894d2ef1c4e78ecd12
etzbnfuigipwvs.ru,AVAILABILITY,origin.list,origin.list,2022-04-07 05:16:02.493818,295025894d2ef1c4e78ecd12
eu-pool.beeppool.org,AVAILABILITY,origin.list,origin.list,2022-04-07 05:16:05.571036,295025894d2ef1c4e78ecd12
eu.cf,AVAILABILITY,origin.list,origin.list,2022-04-07 05:16:07.576571,295025894d2ef1c4e78ecd12
eu.monerise.com,AVAILABILITY,origin.list,origin.list,2022-04-07 05:16:10.563751,295025894d2ef1c4e78ecd12
eu.nimpool.io,AVAILABILITY,origin.list,origin.list,2022-04-07 05:16:11.685475,295025894d2ef1c4e78ecd12
eu.sushipool.com,AVAILABILITY,origin.list,origin.list,2022-04-07 05:16:13.257595,295025894d2ef1c4e78ecd12
eu2.monerise.com,AVAILABILITY,origin.list,origin.list,2022-04-07 05:16:15.510813,295025894d2ef1c4e78ecd12
eu6.beeppool.org,AVAILABILITY,origin.list,origin.list,2022-04-07 05:16:17.493884,295025894d2ef1c4e78ecd12
europe.monerise.com,AVAILABILITY,origin.list,origin.list,2022-04-07 05:16:17.520126,295025894d2ef1c4e78ecd12
eucsoft.com,AVAILABILITY,origin.list,origin.list,2022-04-07 05:16:19.183882,295025894d2ef1c4e78ecd12
eu.hatevery.info,AVAILABILITY,origin.list,origin.list,2022-04-07 05:16:20.222030,295025894d2ef1c4e78ecd12
exp-api.beeppool.org,AVAILABILITY,origin.list,origin.list,2022-04-07 05:16:23.009073,295025894d2ef1c4e78ecd12
exdynsrv.com,AVAILABILITY,origin.list,origin.list,2022-04-07 05:16:24.104515,295025894d2ef1c4e78ecd12
exit.beeppool.org,AVAILABILITY,origin.list,origin.list,2022-04-07 05:16:25.338977,295025894d2ef1c4e78ecd12
external.monerise.com,AVAILABILITY,origin.list,origin.list,2022-04-07 05:16:27.705961,295025894d2ef1c4e78ecd12
f1tbit.com,AVAILABILITY,origin.list,origin.list,2022-04-07 05:16:30.237466,295025894d2ef1c4e78ecd12
faucet.nimiq-network.com,AVAILABILITY,origin.list,origin.list,2022-04-07 05:16:31.576067,295025894d2ef1c4e78ecd12
fatisin.ru,AVAILABILITY,origin.list,origin.list,2022-04-07 05:16:31.849781,295025894d2ef1c4e78ecd12
fbtc-audio.freebitco.in,AVAILABILITY,origin.list,origin.list,2022-04-07 05:16:32.267922,295025894d2ef1c4e78ecd12
fbtc-uab.freebitco.in,AVAILABILITY,origin.list,origin.list,2022-04-07 05:16:33.823421,295025894d2ef1c4e78ecd12
feesocrald.com,AVAILABILITY,origin.list,origin.list,2022-04-07 05:16:37.636293,295025894d2ef1c4e78ecd12
fili.tv,AVAILABILITY,origin.list,origin.list,2022-04-07 05:16:39.848302,295025894d2ef1c4e78ecd12
fch.beeppool.org,AVAILABILITY,origin.list,origin.list,2022-04-07 05:16:41.055963,295025894d2ef1c4e78ecd12
fili.cc,AVAILABILITY,origin.list,origin.list,2022-04-07 05:16:42.972635,295025894d2ef1c4e78ecd12
firmware.center,AVAILABILITY,origin.list,origin.list,2022-04-07 05:16:46.332827,295025894d2ef1c4e78ecd12
flare-analytics.com,AVAILABILITY,origin.list,origin.list,2022-04-07 05:16:47.780454,295025894d2ef1c4e78ecd12
flashx.co,AVAILABILITY,origin.list,origin.list,2022-04-07 05:16:49.499661,295025894d2ef1c4e78ecd12
flashx.pw,AVAILABILITY,origin.list,origin.list,2022-04-07 05:16:52.016424,295025894d2ef1c4e78ecd12
flightzy.bid,AVAILABILITY,origin.list,origin.list,2022-04-07 05:16:54.182823,295025894d2ef1c4e78ecd12
flightzy.date,AVAILABILITY,origin.list,origin.list,2022-04-07 05:16:56.574372,295025894d2ef1c4e78ecd12
formulawire.com,AVAILABILITY,origin.list,origin.list,2022-04-07 05:17:00.922542,295025894d2ef1c4e78ecd12
fortpush.com,AVAILABILITY,origin.list,origin.list,2022-04-07 05:17:02.446113,295025894d2ef1c4e78ecd12
forrealzpiratebay.org,AVAILABILITY,origin.list,origin.list,2022-04-07 05:17:02.790886,295025894d2ef1c4e78ecd12
flnqmin.org,AVAILABILITY,origin.list,origin.list,2022-04-07 05:17:03.147471,295025894d2ef1c4e78ecd12
fortrader.ru,AVAILABILITY,origin.list,origin.list,2022-04-07 05:17:04.297059,295025894d2ef1c4e78ecd12
foxx.to,AVAILABILITY,origin.list,origin.list,2022-04-07 05:17:11.033117,295025894d2ef1c4e78ecd12
fr1.monerise.com,AVAILABILITY,origin.list,origin.list,2022-04-07 05:17:11.357060,295025894d2ef1c4e78ecd12
fr.cookiescript.info,AVAILABILITY,origin.list,origin.list,2022-04-07 05:17:12.306034,295025894d2ef1c4e78ecd12
fra-gra-c1-s1.inf.nimiq.network,AVAILABILITY,origin.list,origin.list,2022-04-07 05:17:15.159649,295025894d2ef1c4e78ecd12
fr.wdc.beeppool.org,AVAILABILITY,origin.list,origin.list,2022-04-07 05:17:15.861609,295025894d2ef1c4e78ecd12
fra-gra-c1-s2.inf.nimiq.network,AVAILABILITY,origin.list,origin.list,2022-04-07 05:17:23.108535,295025894d2ef1c4e78ecd12
frankfurt-1.xmrpool.net,AVAILABILITY,origin.list,origin.list,2022-04-07 05:17:23.968390,295025894d2ef1c4e78ecd12
free4faucet.com,AVAILABILITY,origin.list,origin.list,2022-04-07 05:17:24.938224,295025894d2ef1c4e78ecd12
freebitco.in,AVAILABILITY,origin.list,origin.list,2022-04-07 05:17:28.324246,295025894d2ef1c4e78ecd12
freecontent.bid,AVAILABILITY,origin.list,origin.list,2022-04-07 05:17:28.764284,295025894d2ef1c4e78ecd12
freecontent.com,AVAILABILITY,origin.list,origin.list,2022-04-07 05:17:32.623715,295025894d2ef1c4e78ecd12
freecontent.info,AVAILABILITY,origin.list,origin.list,2022-04-07 05:17:36.559233,295025894d2ef1c4e78ecd12
freecontent.party,AVAILABILITY,origin.list,origin.list,2022-04-07 05:17:40.711570,295025894d2ef1c4e78ecd12
freecontent.net,AVAILABILITY,origin.list,origin.list,2022-04-07 05:17:40.782159,295025894d2ef1c4e78ecd12
freecontent.science,AVAILABILITY,origin.list,origin.list,2022-04-07 05:17:41.553544,295025894d2ef1c4e78ecd12
freecontent.date,AVAILABILITY,origin.list,origin.list,2022-04-07 05:17:41.932483,295025894d2ef1c4e78ecd12
freecontent.stream,AVAILABILITY,origin.list,origin.list,2022-04-07 05:17:47.224166,295025894d2ef1c4e78ecd12
freshrefresher.com,AVAILABILITY,origin.list,origin.list,2022-04-07 05:17:50.535683,295025894d2ef1c4e78ecd12
freeproxy.ro,AVAILABILITY,origin.list,origin.list,2022-04-07 05:17:51.477613,295025894d2ef1c4e78ecd12
freecontent.trade,AVAILABILITY,origin.list,origin.list,2022-04-07 05:17:52.217002,295025894d2ef1c4e78ecd12
fresh-js.bitbucket.io,AVAILABILITY,origin.list,origin.list,2022-04-07 05:17:56.851009,295025894d2ef1c4e78ecd12
freshrefreshnerer186.info,AVAILABILITY,origin.list,origin.list,2022-04-07 05:17:59.066408,295025894d2ef1c4e78ecd12
freshrefreshnerer186rb.info,AVAILABILITY,origin.list,origin.list,2022-04-07 05:17:59.811164,295025894d2ef1c4e78ecd12
ftp.freecontent.net,AVAILABILITY,origin.list,origin.list,2022-04-07 05:18:04.387735,295025894d2ef1c4e78ecd12
futeboltv.com,AVAILABILITY,origin.list,origin.list,2022-04-07 05:18:11.060819,295025894d2ef1c4e78ecd12
g-content.bid,AVAILABILITY,origin.list,origin.list,2022-04-07 05:18:14.113815,295025894d2ef1c4e78ecd12
fxnow.ru,AVAILABILITY,origin.list,origin.list,2022-04-07 05:18:14.563049,295025894d2ef1c4e78ecd12
g1thub.com,AVAILABILITY,origin.list,origin.list,2022-04-07 05:18:17.171789,295025894d2ef1c4e78ecd12
ganymed.beeppool.org,AVAILABILITY,origin.list,origin.list,2022-04-07 05:18:23.481654,295025894d2ef1c4e78ecd12
gasolina.ml,AVAILABILITY,origin.list,origin.list,2022-04-07 05:18:25.555726,295025894d2ef1c4e78ecd12
gate.hws.ru,AVAILABILITY,origin.list,origin.list,2022-04-07 05:18:26.632765,295025894d2ef1c4e78ecd12
gay-hotvideo.net,AVAILABILITY,origin.list,origin.list,2022-04-07 05:18:27.616757,295025894d2ef1c4e78ecd12
ftp.coinlab.biz,AVAILABILITY,origin.list,origin.list,2022-04-07 05:18:33.627000,295025894d2ef1c4e78ecd12
gbr-eri-c1-s1.inf.nimiq.network,AVAILABILITY,origin.list,origin.list,2022-04-07 05:18:35.576924,295025894d2ef1c4e78ecd12
gaypornwave.com,AVAILABILITY,origin.list,origin.list,2022-04-07 05:18:35.707812,295025894d2ef1c4e78ecd12
gbr-eri-c1-s2.inf.nimiq.network,AVAILABILITY,origin.list,origin.list,2022-04-07 05:18:38.175182,295025894d2ef1c4e78ecd12
gazanew.com,AVAILABILITY,origin.list,origin.list,2022-04-07 05:18:38.501901,295025894d2ef1c4e78ecd12
geoip.nimiq-network.com,AVAILABILITY,origin.list,origin.list,2022-04-07 05:18:44.642572,295025894d2ef1c4e78ecd12
getsome.nimiq.com,AVAILABILITY,origin.list,origin.list,2022-04-07 05:18:46.567598,295025894d2ef1c4e78ecd12
get.webxmr.com,AVAILABILITY,origin.list,origin.list,2022-04-07 05:18:49.514354,295025894d2ef1c4e78ecd12
getcryptotab.com,AVAILABILITY,origin.list,origin.list,2022-04-07 05:18:49.850524,295025894d2ef1c4e78ecd12
gitgrub.pro,AVAILABILITY,origin.list,origin.list,2022-04-07 05:18:54.729653,295025894d2ef1c4e78ecd12
gekko.coinnebula.com,AVAILABILITY,origin.list,origin.list,2022-04-07 05:18:57.430921,295025894d2ef1c4e78ecd12
git.beeppool.org,AVAILABILITY,origin.list,origin.list,2022-04-07 05:18:58.716587,295025894d2ef1c4e78ecd12
go.bestmobiworld.com,AVAILABILITY,origin.list,origin.list,2022-04-07 05:19:00.940515,295025894d2ef1c4e78ecd12
goldoffer.online,AVAILABILITY,origin.list,origin.list,2022-04-07 05:19:05.884759,295025894d2ef1c4e78ecd12
goodkino.biz,AVAILABILITY,origin.list,origin.list,2022-04-07 05:19:09.334358,295025894d2ef1c4e78ecd12
go2.mercy.ga,AVAILABILITY,origin.list,origin.list,2022-04-07 05:19:13.976208,295025894d2ef1c4e78ecd12
googleanalytcs.com,AVAILABILITY,origin.list,origin.list,2022-04-07 05:19:15.912957,295025894d2ef1c4e78ecd12
goldnova.crypto.csgocpu.com,AVAILABILITY,origin.list,origin.list,2022-04-07 05:19:17.121924,295025894d2ef1c4e78ecd12
graft.crypto-webminer.com,AVAILABILITY,origin.list,origin.list,2022-04-07 05:19:23.770550,295025894d2ef1c4e78ecd12
graft.monerise.com,AVAILABILITY,origin.list,origin.list,2022-04-07 05:19:25.205831,295025894d2ef1c4e78ecd12
goxmrminer.com,AVAILABILITY,origin.list,origin.list,2022-04-07 05:19:27.350546,295025894d2ef1c4e78ecd12
global.crypto.csgocpu.com,AVAILABILITY,origin.list,origin.list,2022-04-07 05:19:29.181228,295025894d2ef1c4e78ecd12
graftpool.ovh,AVAILABILITY,origin.list,origin.list,2022-04-07 05:19:33.757701,295025894d2ef1c4e78ecd12
grafana.xmrpool.net,AVAILABILITY,origin.list,origin.list,2022-04-07 05:19:34.676499,295025894d2ef1c4e78ecd12
gramombird.com,AVAILABILITY,origin.list,origin.list,2022-04-07 05:19:36.235473,295025894d2ef1c4e78ecd12
greenindex.dynamic-dns.net,AVAILABILITY,origin.list,origin.list,2022-04-07 05:19:37.704038,295025894d2ef1c4e78ecd12
gridcash.net,AVAILABILITY,origin.list,origin.list,2022-04-07 05:19:43.375972,295025894d2ef1c4e78ecd12
gridiogrid.com,AVAILABILITY,origin.list,origin.list,2022-04-07 05:19:46.604501,295025894d2ef1c4e78ecd12
gulf.moneroocean.stream,AVAILABILITY,origin.list,origin.list,2022-04-07 05:19:48.032748,295025894d2ef1c4e78ecd12
gxbrowser.net,AVAILABILITY,origin.list,origin.list,2022-04-07 05:19:48.650384,295025894d2ef1c4e78ecd12
hallaert.online,AVAILABILITY,origin.list,origin.list,2022-04-07 05:19:49.159442,295025894d2ef1c4e78ecd12
hash.minexmr.stream,AVAILABILITY,origin.list,origin.list,2022-04-07 05:19:55.289665,295025894d2ef1c4e78ecd12
hashforcash.us,AVAILABILITY,origin.list,origin.list,2022-04-07 05:19:57.450431,295025894d2ef1c4e78ecd12
harvest.surge.sh,AVAILABILITY,origin.list,origin.list,2022-04-07 05:19:58.329915,295025894d2ef1c4e78ecd12
hashto.cash,AVAILABILITY,origin.list,origin.list,2022-04-07 05:19:58.720080,295025894d2ef1c4e78ecd12
hashing.win,AVAILABILITY,origin.list,origin.list,2022-04-07 05:19:59.185676,295025894d2ef1c4e78ecd12
hemnes.win,AVAILABILITY,origin.list,origin.list,2022-04-07 05:20:10.558576,295025894d2ef1c4e78ecd12
hide.ovh,AVAILABILITY,origin.list,origin.list,2022-04-07 05:20:11.718670,295025894d2ef1c4e78ecd12
hhb123.tk,AVAILABILITY,origin.list,origin.list,2022-04-07 05:20:13.326868,295025894d2ef1c4e78ecd12
hashvault.pro,AVAILABILITY,origin.list,origin.list,2022-04-07 05:20:16.050640,295025894d2ef1c4e78ecd12
hive.tubetitties.com,AVAILABILITY,origin.list,origin.list,2022-04-07 05:20:21.116073,295025894d2ef1c4e78ecd12
hiy.vidzi.tv,AVAILABILITY,origin.list,origin.list,2022-04-07 05:20:25.479887,295025894d2ef1c4e78ecd12
hjnbvg.ru,AVAILABILITY,origin.list,origin.list,2022-04-07 05:20:26.952869,295025894d2ef1c4e78ecd12
hk.rs,AVAILABILITY,origin.list,origin.list,2022-04-07 05:20:29.391104,295025894d2ef1c4e78ecd12
hk9.beeppool.org,AVAILABILITY,origin.list,origin.list,2022-04-07 05:20:35.402139,295025894d2ef1c4e78ecd12
hk08.beeppool.org,AVAILABILITY,origin.list,origin.list,2022-04-07 05:20:36.190471,295025894d2ef1c4e78ecd12
horrorscopeme.ml,AVAILABILITY,origin.list,origin.list,2022-04-07 05:20:41.686683,295025894d2ef1c4e78ecd12
hatevery.info,AVAILABILITY,origin.list,origin.list,2022-04-07 05:20:42.953553,295025894d2ef1c4e78ecd12
hostcontent.live,AVAILABILITY,origin.list,origin.list,2022-04-07 05:20:43.189859,295025894d2ef1c4e78ecd12
hostingcloud.bid,AVAILABILITY,origin.list,origin.list,2022-04-07 05:20:44.368952,295025894d2ef1c4e78ecd12
hostingcloud.date,AVAILABILITY,origin.list,origin.list,2022-04-07 05:20:51.524602,295025894d2ef1c4e78ecd12
hostingcloud.science,AVAILABILITY,origin.list,origin.list,2022-04-07 05:20:57.642499,295025894d2ef1c4e78ecd12
httpp.gdn,AVAILABILITY,origin.list,origin.list,2022-04-07 05:20:58.809866,295025894d2ef1c4e78ecd12
hostingcloud.faith,AVAILABILITY,origin.list,origin.list,2022-04-07 05:20:59.068720,295025894d2ef1c4e78ecd12
hostingcloud.loan,AVAILABILITY,origin.list,origin.list,2022-04-07 05:20:59.883155,295025894d2ef1c4e78ecd12
hub.nimiq.com,AVAILABILITY,origin.list,origin.list,2022-04-07 05:21:02.782355,295025894d2ef1c4e78ecd12
hzsod71wov.me,AVAILABILITY,origin.list,origin.list,2022-04-07 05:21:09.063749,295025894d2ef1c4e78ecd12
igrid.org,AVAILABILITY,origin.list,origin.list,2022-04-07 05:21:10.712793,295025894d2ef1c4e78ecd12
img.nahnoji.cz,AVAILABILITY,origin.list,origin.list,2022-04-07 05:21:12.181586,295025894d2ef1c4e78ecd12
indiaproxydl.org,AVAILABILITY,origin.list,origin.list,2022-04-07 05:21:13.601690,295025894d2ef1c4e78ecd12
infamylists.com,AVAILABILITY,origin.list,origin.list,2022-04-07 05:21:17.042658,295025894d2ef1c4e78ecd12
ininmacerad.pro,AVAILABILITY,origin.list,origin.list,2022-04-07 05:21:23.211585,295025894d2ef1c4e78ecd12
insdrbot.com,AVAILABILITY,origin.list,origin.list,2022-04-07 05:21:23.851826,295025894d2ef1c4e78ecd12
intensecoin.crypto-webminer.com,AVAILABILITY,origin.list,origin.list,2022-04-07 05:21:25.616816,295025894d2ef1c4e78ecd12
intersportv.com,AVAILABILITY,origin.list,origin.list,2022-04-07 05:21:28.609820,295025894d2ef1c4e78ecd12
intactoffers.club,AVAILABILITY,origin.list,origin.list,2022-04-07 05:21:29.459590,295025894d2ef1c4e78ecd12
intucoin.crypto-webminer.com,AVAILABILITY,origin.list,origin.list,2022-04-07 05:21:37.131275,295025894d2ef1c4e78ecd12
io.beeppool.org,AVAILABILITY,origin.list,origin.list,2022-04-07 05:21:37.822312,295025894d2ef1c4e78ecd12
inwemo.com,AVAILABILITY,origin.list,origin.list,2022-04-07 05:21:38.759353,295025894d2ef1c4e78ecd12
ipv6.freebitco.in,AVAILABILITY,origin.list,origin.list,2022-04-07 05:21:40.177076,295025894d2ef1c4e78ecd12
ipbc.crypto-webminer.com,AVAILABILITY,origin.list,origin.list,2022-04-07 05:21:42.089483,295025894d2ef1c4e78ecd12
istlandoll.com,AVAILABILITY,origin.list,origin.list,2022-04-07 05:21:50.039392,295025894d2ef1c4e78ecd12
irrrymucwxjl.ru,AVAILABILITY,origin.list,origin.list,2022-04-07 05:21:50.089633,295025894d2ef1c4e78ecd12
jadepay-faucet.beeppool.org,AVAILABILITY,origin.list,origin.list,2022-04-07 05:21:52.095286,295025894d2ef1c4e78ecd12
it.cookiescript.info,AVAILABILITY,origin.list,origin.list,2022-04-07 05:21:52.151228,295025894d2ef1c4e78ecd12
jasmine.directprimal.com,AVAILABILITY,origin.list,origin.list,2022-04-07 05:21:59.368127,295025894d2ef1c4e78ecd12
jasmine.noblock.pro,AVAILABILITY,origin.list,origin.list,2022-04-07 05:22:00.165142,295025894d2ef1c4e78ecd12
jhondi33.duckdns.org,AVAILABILITY,origin.list,origin.list,2022-04-07 05:22:01.385923,295025894d2ef1c4e78ecd12
jasmine2.directprimal.com,AVAILABILITY,origin.list,origin.list,2022-04-07 05:22:01.764547,295025894d2ef1c4e78ecd12
jlzebszkilcz.ru,AVAILABILITY,origin.list,origin.list,2022-04-07 05:22:09.420515,295025894d2ef1c4e78ecd12
jqcdn01.herokuapp.com,AVAILABILITY,origin.list,origin.list,2022-04-07 05:22:12.399747,295025894d2ef1c4e78ecd12
jqassets.download,AVAILABILITY,origin.list,origin.list,2022-04-07 05:22:12.566573,295025894d2ef1c4e78ecd12
jqcdn.download,AVAILABILITY,origin.list,origin.list,2022-04-07 05:22:13.922266,295025894d2ef1c4e78ecd12
jqcdn03.herokuapp.com,AVAILABILITY,origin.list,origin.list,2022-04-07 05:22:16.437581,295025894d2ef1c4e78ecd12
jquery-cdn.download,AVAILABILITY,origin.list,origin.list,2022-04-07 05:22:22.478883,295025894d2ef1c4e78ecd12
jqcdn2.herokuapp.com,AVAILABILITY,origin.list,origin.list,2022-04-07 05:22:22.590233,295025894d2ef1c4e78ecd12
jquery-uim.download,AVAILABILITY,origin.list,origin.list,2022-04-07 05:22:23.250776,295025894d2ef1c4e78ecd12
jroqvbvw.info,AVAILABILITY,origin.list,origin.list,2022-04-07 05:22:29.685191,295025894d2ef1c4e78ecd12
js.nahnoji.cz,AVAILABILITY,origin.list,origin.list,2022-04-07 05:22:33.788177,295025894d2ef1c4e78ecd12
jsc.marketgid.com,AVAILABILITY,origin.list,origin.list,2022-04-07 05:22:36.237622,295025894d2ef1c4e78ecd12
jscoinminer.com,AVAILABILITY,origin.list,origin.list,2022-04-07 05:22:45.794865,295025894d2ef1c4e78ecd12
jscdndel.com,AVAILABILITY,origin.list,origin.list,2022-04-07 05:22:48.401429,295025894d2ef1c4e78ecd12
jsecoin.com,AVAILABILITY,origin.list,origin.list,2022-04-07 05:22:48.654865,295025894d2ef1c4e78ecd12
jsccnn.com,AVAILABILITY,origin.list,origin.list,2022-04-07 05:22:52.297957,295025894d2ef1c4e78ecd12
jshosting.download,AVAILABILITY,origin.list,origin.list,2022-04-07 05:23:01.121074,295025894d2ef1c4e78ecd12
jshosting.bid,AVAILABILITY,origin.list,origin.list,2022-04-07 05:23:02.075244,295025894d2ef1c4e78ecd12
jshosting.date,AVAILABILITY,origin.list,origin.list,2022-04-07 05:23:03.034563,295025894d2ef1c4e78ecd12
jshosting.loan,AVAILABILITY,origin.list,origin.list,2022-04-07 05:23:07.313529,295025894d2ef1c4e78ecd12
jshosting.review,AVAILABILITY,origin.list,origin.list,2022-04-07 05:23:12.385819,295025894d2ef1c4e78ecd12
jshosting.party,AVAILABILITY,origin.list,origin.list,2022-04-07 05:23:15.262923,295025894d2ef1c4e78ecd12
jshosting.stream,AVAILABILITY,origin.list,origin.list,2022-04-07 05:23:17.238827,295025894d2ef1c4e78ecd12
jqwww.download,AVAILABILITY,origin.list,origin.list,2022-04-07 05:23:18.215241,295025894d2ef1c4e78ecd12
jshosting.trade,AVAILABILITY,origin.list,origin.list,2022-04-07 05:23:20.445944,295025894d2ef1c4e78ecd12
jshosting.win,AVAILABILITY,origin.list,origin.list,2022-04-07 05:23:24.570300,295025894d2ef1c4e78ecd12
jsminer.tdcoincore.org,AVAILABILITY,origin.list,origin.list,2022-04-07 05:23:24.996836,295025894d2ef1c4e78ecd12
jssdk.beetv.net,AVAILABILITY,origin.list,origin.list,2022-04-07 05:23:29.936550,295025894d2ef1c4e78ecd12
jurty.ml,AVAILABILITY,origin.list,origin.list,2022-04-07 05:23:32.033985,295025894d2ef1c4e78ecd12
justintvizletir.tv,AVAILABILITY,origin.list,origin.list,2022-04-07 05:23:37.393564,295025894d2ef1c4e78ecd12
jwduahujge.ru,AVAILABILITY,origin.list,origin.list,2022-04-07 05:23:37.551127,295025894d2ef1c4e78ecd12
jyhfuqoh.info,AVAILABILITY,origin.list,origin.list,2022-04-07 05:23:40.806021,295025894d2ef1c4e78ecd12
kalipasindra.online,AVAILABILITY,origin.list,origin.list,2022-04-07 05:23:41.894179,295025894d2ef1c4e78ecd12
kallisto.beeppool.org,AVAILABILITY,origin.list,origin.list,2022-04-07 05:23:47.791493,295025894d2ef1c4e78ecd12
karbowanec.crypto-webminer.com,AVAILABILITY,origin.list,origin.list,2022-04-07 05:23:47.818610,295025894d2ef1c4e78ecd12
kdowqlpt.info,AVAILABILITY,origin.list,origin.list,2022-04-07 05:23:51.011446,295025894d2ef1c4e78ecd12
keyguard.nimiq.com,AVAILABILITY,origin.list,origin.list,2022-04-07 05:23:53.276568,295025894d2ef1c4e78ecd12
kedtise.com,AVAILABILITY,origin.list,origin.list,2022-04-07 05:23:56.312824,295025894d2ef1c4e78ecd12
kinohabr.net,AVAILABILITY,origin.list,origin.list,2022-04-07 05:24:00.062489,295025894d2ef1c4e78ecd12
kissdoujin.com,AVAILABILITY,origin.list,origin.list,2022-04-07 05:24:02.057953,295025894d2ef1c4e78ecd12
kickass.cd,AVAILABILITY,origin.list,origin.list,2022-04-07 05:24:04.465198,295025894d2ef1c4e78ecd12
kisshentai.net,AVAILABILITY,origin.list,origin.list,2022-04-07 05:24:07.191945,295025894d2ef1c4e78ecd12
kunay.nullrefexcep.com,AVAILABILITY,origin.list,origin.list,2022-04-07 05:24:10.243982,295025894d2ef1c4e78ecd12
laferia.cr,AVAILABILITY,origin.list,origin.list,2022-04-07 05:24:16.513262,295025894d2ef1c4e78ecd12
l-shop.nullrefexcep.com,AVAILABILITY,origin.list,origin.list,2022-04-07 05:24:19.310241,295025894d2ef1c4e78ecd12
krb.devphp.org.ua,AVAILABILITY,origin.list,origin.list,2022-04-07 05:24:21.220707,295025894d2ef1c4e78ecd12
lan.datasecu.download,AVAILABILITY,origin.list,origin.list,2022-04-07 05:24:22.852316,295025894d2ef1c4e78ecd12
lambdafoobar.de,AVAILABILITY,origin.list,origin.list,2022-04-07 05:24:22.974991,295025894d2ef1c4e78ecd12
ledhenone.com,AVAILABILITY,origin.list,origin.list,2022-04-07 05:24:28.574607,295025894d2ef1c4e78ecd12
laserveradedomaina.com,AVAILABILITY,origin.list,origin.list,2022-04-07 05:24:30.871015,295025894d2ef1c4e78ecd12
lib.rus.ec,AVAILABILITY,origin.list,origin.list,2022-04-07 05:24:34.964152,295025894d2ef1c4e78ecd12
ledinund.com,AVAILABILITY,origin.list,origin.list,2022-04-07 05:24:35.566671,295025894d2ef1c4e78ecd12
lewd.ninja,AVAILABILITY,origin.list,origin.list,2022-04-07 05:24:38.624167,295025894d2ef1c4e78ecd12
light.browsermine.com,AVAILABILITY,origin.list,origin.list,2022-04-07 05:24:40.088410,295025894d2ef1c4e78ecd12
livelyoffers.club,AVAILABILITY,origin.list,origin.list,2022-04-07 05:24:47.766905,295025894d2ef1c4e78ecd12
lightminer.co,AVAILABILITY,origin.list,origin.list,2022-04-07 05:24:49.184274,295025894d2ef1c4e78ecd12
link-ip.beeppool.org,AVAILABILITY,origin.list,origin.list,2022-04-07 05:24:49.538007,295025894d2ef1c4e78ecd12
livestatsnet.services,AVAILABILITY,origin.list,origin.list,2022-04-07 05:24:50.877313,295025894d2ef1c4e78ecd12
lmodr.biz,AVAILABILITY,origin.list,origin.list,2022-04-07 05:24:53.521986,295025894d2ef1c4e78ecd12
ltcp.beeppool.org,AVAILABILITY,origin.list,origin.list,2022-04-07 05:25:00.185909,295025894d2ef1c4e78ecd12
losital.ru,AVAILABILITY,origin.list,origin.list,2022-04-07 05:25:01.405504,295025894d2ef1c4e78ecd12
lottery-lists.freebitco.in,AVAILABILITY,origin.list,origin.list,2022-04-07 05:25:04.469942,295025894d2ef1c4e78ecd12
lumanajaska.ml,AVAILABILITY,origin.list,origin.list,2022-04-07 05:25:07.879602,295025894d2ef1c4e78ecd12
ltstyov.ru,AVAILABILITY,origin.list,origin.list,2022-04-07 05:25:09.683645,295025894d2ef1c4e78ecd12
lumeneo.beeppool.org,AVAILABILITY,origin.list,origin.list,2022-04-07 05:25:14.785524,295025894d2ef1c4e78ecd12
lyra2rev3.beeppool.org,AVAILABILITY,origin.list,origin.list,2022-04-07 05:25:19.170299,295025894d2ef1c4e78ecd12
m.miricommunity.net,AVAILABILITY,origin.list,origin.list,2022-04-07 05:25:19.467994,295025894d2ef1c4e78ecd12
m001.monerise.com,AVAILABILITY,origin.list,origin.list,2022-04-07 05:25:21.263581,295025894d2ef1c4e78ecd12
m1.monerise.com,AVAILABILITY,origin.list,origin.list,2022-04-07 05:25:21.998462,295025894d2ef1c4e78ecd12
m1.stream.vidzi.tv,AVAILABILITY,origin.list,origin.list,2022-04-07 05:25:26.016199,295025894d2ef1c4e78ecd12
m1.streaming.estream.to,AVAILABILITY,origin.list,origin.list,2022-04-07 05:25:26.659899,295025894d2ef1c4e78ecd12
m1.videos.vidto.me,AVAILABILITY,origin.list,origin.list,2022-04-07 05:25:30.014447,295025894d2ef1c4e78ecd12
m2.stream.vidzi.tv,AVAILABILITY,origin.list,origin.list,2022-04-07 05:25:32.096604,295025894d2ef1c4e78ecd12
m2.cdn-jquery.host,AVAILABILITY,origin.list,origin.list,2022-04-07 05:25:34.373245,295025894d2ef1c4e78ecd12
m2.videos.vidto.me,AVAILABILITY,origin.list,origin.list,2022-04-07 05:25:39.354812,295025894d2ef1c4e78ecd12
m2.streaming.estream.to,AVAILABILITY,origin.list,origin.list,2022-04-07 05:25:39.500827,295025894d2ef1c4e78ecd12
m3.cdn-jquery.host,AVAILABILITY,origin.list,origin.list,2022-04-07 05:25:41.113751,295025894d2ef1c4e78ecd12
m5.cdn-jquery.host,AVAILABILITY,origin.list,origin.list,2022-04-07 05:25:46.038261,295025894d2ef1c4e78ecd12
m4.cdn-jquery.host,AVAILABILITY,origin.list,origin.list,2022-04-07 05:25:46.860790,295025894d2ef1c4e78ecd12
machieved.com,AVAILABILITY,origin.list,origin.list,2022-04-07 05:25:52.637403,295025894d2ef1c4e78ecd12
mail.webmine.cz,AVAILABILITY,origin.list,origin.list,2022-04-07 05:25:55.169736,295025894d2ef1c4e78ecd12
mail.nimiq.com,AVAILABILITY,origin.list,origin.list,2022-04-07 05:25:55.437809,295025894d2ef1c4e78ecd12
manila-1.xmrpool.net,AVAILABILITY,origin.list,origin.list,2022-04-07 05:25:59.381275,295025894d2ef1c4e78ecd12
main.xmrpool.net,AVAILABILITY,origin.list,origin.list,2022-04-07 05:26:06.921558,295025894d2ef1c4e78ecd12
masari.crypto-webminer.com,AVAILABILITY,origin.list,origin.list,2022-04-07 05:26:08.266950,295025894d2ef1c4e78ecd12
mebablo.com,AVAILABILITY,origin.list,origin.list,2022-04-07 05:26:10.093677,295025894d2ef1c4e78ecd12
mercy.ga,AVAILABILITY,origin.list,origin.list,2022-04-07 05:26:10.382925,295025894d2ef1c4e78ecd12
mepirtedic.com,AVAILABILITY,origin.list,origin.list,2022-04-07 05:26:10.876138,295025894d2ef1c4e78ecd12
metrika.ron.si,AVAILABILITY,origin.list,origin.list,2022-04-07 05:26:20.711052,295025894d2ef1c4e78ecd12
mi-de-ner-nis3.info,AVAILABILITY,origin.list,origin.list,2022-04-07 05:26:21.754438,295025894d2ef1c4e78ecd12
mine.gay-hotvideo.net,AVAILABILITY,origin.list,origin.list,2022-04-07 05:26:22.609830,295025894d2ef1c4e78ecd12
mfio.cf,AVAILABILITY,origin.list,origin.list,2022-04-07 05:26:24.478774,295025894d2ef1c4e78ecd12
min.imageflux.cf,AVAILABILITY,origin.list,origin.list,2022-04-07 05:26:25.063881,295025894d2ef1c4e78ecd12
mine.torrent.pw,AVAILABILITY,origin.list,origin.list,2022-04-07 05:26:32.262655,295025894d2ef1c4e78ecd12
minecrunch.co,AVAILABILITY,origin.list,origin.list,2022-04-07 05:26:37.652145,295025894d2ef1c4e78ecd12
mine.nahnoji.cz,AVAILABILITY,origin.list,origin.list,2022-04-07 05:26:39.097831,295025894d2ef1c4e78ecd12
mine.terorie.com,AVAILABILITY,origin.list,origin.list,2022-04-07 05:26:44.257177,295025894d2ef1c4e78ecd12
mine.xmrpool.net,AVAILABILITY,origin.list,origin.list,2022-04-07 05:26:48.145010,295025894d2ef1c4e78ecd12
minekitten.io,AVAILABILITY,origin.list,origin.list,2022-04-07 05:26:49.533125,295025894d2ef1c4e78ecd12
miner.cryptobara.com,AVAILABILITY,origin.list,origin.list,2022-04-07 05:26:59.002542,295025894d2ef1c4e78ecd12
minerad.com,AVAILABILITY,origin.list,origin.list,2022-04-07 05:27:00.954993,295025894d2ef1c4e78ecd12
miner.nimiq.com,AVAILABILITY,origin.list,origin.list,2022-04-07 05:27:02.028433,295025894d2ef1c4e78ecd12
miner.beeppool.org,AVAILABILITY,origin.list,origin.list,2022-04-07 05:27:02.093800,295025894d2ef1c4e78ecd12
minero.cc,AVAILABILITY,origin.list,origin.list,2022-04-07 05:27:13.317006,295025894d2ef1c4e78ecd12
minero.pw,AVAILABILITY,origin.list,origin.list,2022-04-07 05:27:14.878686,295025894d2ef1c4e78ecd12
minerclaim.net,AVAILABILITY,origin.list,origin.list,2022-04-07 05:27:20.370458,295025894d2ef1c4e78ecd12
minexmr.com,AVAILABILITY,origin.list,origin.list,2022-04-07 05:27:24.809331,295025894d2ef1c4e78ecd12
minexmr.stream,AVAILABILITY,origin.list,origin.list,2022-04-07 05:27:25.972500,295025894d2ef1c4e78ecd12
minescripts.info,AVAILABILITY,origin.list,origin.list,2022-04-07 05:27:27.919520,295025894d2ef1c4e78ecd12
minemytraffic.com,AVAILABILITY,origin.list,origin.list,2022-04-07 05:27:30.819508,295025894d2ef1c4e78ecd12
mining-etcc.beeppool.org,AVAILABILITY,origin.list,origin.list,2022-04-07 05:27:32.617306,295025894d2ef1c4e78ecd12
mining.best,AVAILABILITY,origin.list,origin.list,2022-04-07 05:27:33.877100,295025894d2ef1c4e78ecd12
mining711.com,AVAILABILITY,origin.list,origin.list,2022-04-07 05:27:38.681296,295025894d2ef1c4e78ecd12
mining.freebitco.in,AVAILABILITY,origin.list,origin.list,2022-04-07 05:27:43.911002,295025894d2ef1c4e78ecd12
minr.nullrefexcep.com,AVAILABILITY,origin.list,origin.list,2022-04-07 05:27:44.378177,295025894d2ef1c4e78ecd12
minr.pw,AVAILABILITY,origin.list,origin.list,2022-04-07 05:27:44.842917,295025894d2ef1c4e78ecd12
mintme.cf,AVAILABILITY,origin.list,origin.list,2022-04-07 05:27:47.455061,295025894d2ef1c4e78ecd12
mintme.gq,AVAILABILITY,origin.list,origin.list,2022-04-07 05:27:52.683932,295025894d2ef1c4e78ecd12
mlib.browsermine.com,AVAILABILITY,origin.list,origin.list,2022-04-07 05:27:55.349267,295025894d2ef1c4e78ecd12
mintme.ml,AVAILABILITY,origin.list,origin.list,2022-04-07 05:27:58.618261,295025894d2ef1c4e78ecd12
mix.kinostuff.com,AVAILABILITY,origin.list,origin.list,2022-04-07 05:27:59.093827,295025894d2ef1c4e78ecd12
mm.analytics.blue,AVAILABILITY,origin.list,origin.list,2022-04-07 05:28:00.616833,295025894d2ef1c4e78ecd12
mmc.center,AVAILABILITY,origin.list,origin.list,2022-04-07 05:28:04.646384,295025894d2ef1c4e78ecd12
mon-deu-1.inf.nimiq.network,AVAILABILITY,origin.list,origin.list,2022-04-07 05:28:10.161446,295025894d2ef1c4e78ecd12
mmpool.org,AVAILABILITY,origin.list,origin.list,2022-04-07 05:28:10.851212,295025894d2ef1c4e78ecd12
mon-deu-2.inf.nimiq.network,AVAILABILITY,origin.list,origin.list,2022-04-07 05:28:13.326566,295025894d2ef1c4e78ecd12
mon-deu-3.inf.nimiq.network,AVAILABILITY,origin.list,origin.list,2022-04-07 05:28:15.004296,295025894d2ef1c4e78ecd12
mollnia.com,AVAILABILITY,origin.list,origin.list,2022-04-07 05:28:16.062618,295025894d2ef1c4e78ecd12
mon-fra-1.inf.nimiq.network,AVAILABILITY,origin.list,origin.list,2022-04-07 05:28:19.977863,295025894d2ef1c4e78ecd12
monerise.com,AVAILABILITY,origin.list,origin.list,2022-04-07 05:28:23.338366,295025894d2ef1c4e78ecd12
mon-fra-2.inf.nimiq.network,AVAILABILITY,origin.list,origin.list,2022-04-07 05:28:23.588035,295025894d2ef1c4e78ecd12
mon-gbr-1.inf.nimiq.network,AVAILABILITY,origin.list,origin.list,2022-04-07 05:28:26.337048,295025894d2ef1c4e78ecd12
monad.network,AVAILABILITY,origin.list,origin.list,2022-04-07 05:28:28.986295,295025894d2ef1c4e78ecd12
monero-miner.com,AVAILABILITY,origin.list,origin.list,2022-04-07 05:28:31.709116,295025894d2ef1c4e78ecd12
monero.crypto-pool.fr,AVAILABILITY,origin.list,origin.list,2022-04-07 05:28:33.723395,295025894d2ef1c4e78ecd12
monero-miner.net,AVAILABILITY,origin.list,origin.list,2022-04-07 05:28:35.790994,295025894d2ef1c4e78ecd12
monero.crypto-webminer.com,AVAILABILITY,origin.list,origin.list,2022-04-07 05:28:37.184009,295025894d2ef1c4e78ecd12
monero.hashvault.pro,AVAILABILITY,origin.list,origin.list,2022-04-07 05:28:43.113627,295025894d2ef1c4e78ecd12
