idna_subject,checker_type,destination,source,tested_at
01.beeppool.org,AVAILABILITY,origin.list,/home/runner/work/CoinBlockersLists-hosts_browser_git_ZeroDot1/CoinBlockersLists-hosts_browser_git_ZeroDot1/origin.list,2021-01-13 20:35:21.541420
0aqpqdju.me,AVAILABILITY,origin.list,/home/runner/work/CoinBlockersLists-hosts_browser_git_ZeroDot1/CoinBlockersLists-hosts_browser_git_ZeroDot1/origin.list,2021-01-13 20:35:28.137783
1beb2a44.space,AVAILABILITY,origin.list,/home/runner/work/CoinBlockersLists-hosts_browser_git_ZeroDot1/CoinBlockersLists-hosts_browser_git_ZeroDot1/origin.list,2021-01-13 20:35:51.558676
1q2w3.me,AVAILABILITY,origin.list,/home/runner/work/CoinBlockersLists-hosts_browser_git_ZeroDot1/CoinBlockersLists-hosts_browser_git_ZeroDot1/origin.list,2021-01-13 20:36:01.182483
1q2w3.top,AVAILABILITY,origin.list,/home/runner/work/CoinBlockersLists-hosts_browser_git_ZeroDot1/CoinBlockersLists-hosts_browser_git_ZeroDot1/origin.list,2021-01-13 20:36:09.561953
2giga.do,AVAILABILITY,origin.list,/home/runner/work/CoinBlockersLists-hosts_browser_git_ZeroDot1/CoinBlockersLists-hosts_browser_git_ZeroDot1/origin.list,2021-01-13 20:36:19.509394
2ledhenone.com,AVAILABILITY,origin.list,/home/runner/work/CoinBlockersLists-hosts_browser_git_ZeroDot1/CoinBlockersLists-hosts_browser_git_ZeroDot1/origin.list,2021-01-13 20:36:32.314322
300ca0d0.space,AVAILABILITY,origin.list,/home/runner/work/CoinBlockersLists-hosts_browser_git_ZeroDot1/CoinBlockersLists-hosts_browser_git_ZeroDot1/origin.list,2021-01-13 20:36:39.184169
310ca263.space,AVAILABILITY,origin.list,/home/runner/work/CoinBlockersLists-hosts_browser_git_ZeroDot1/CoinBlockersLists-hosts_browser_git_ZeroDot1/origin.list,2021-01-13 20:36:46.051551
320ca3f6.space,AVAILABILITY,origin.list,/home/runner/work/CoinBlockersLists-hosts_browser_git_ZeroDot1/CoinBlockersLists-hosts_browser_git_ZeroDot1/origin.list,2021-01-13 20:36:52.804205
330ca589.space,AVAILABILITY,origin.list,/home/runner/work/CoinBlockersLists-hosts_browser_git_ZeroDot1/CoinBlockersLists-hosts_browser_git_ZeroDot1/origin.list,2021-01-13 20:36:59.611852
340ca71c.space,AVAILABILITY,origin.list,/home/runner/work/CoinBlockersLists-hosts_browser_git_ZeroDot1/CoinBlockersLists-hosts_browser_git_ZeroDot1/origin.list,2021-01-13 20:37:06.261746
360caa42.space,AVAILABILITY,origin.list,/home/runner/work/CoinBlockersLists-hosts_browser_git_ZeroDot1/CoinBlockersLists-hosts_browser_git_ZeroDot1/origin.list,2021-01-13 20:37:12.844910
370cabd5.space,AVAILABILITY,origin.list,/home/runner/work/CoinBlockersLists-hosts_browser_git_ZeroDot1/CoinBlockersLists-hosts_browser_git_ZeroDot1/origin.list,2021-01-13 20:37:19.743568
3c0cb3b4.space,AVAILABILITY,origin.list,/home/runner/work/CoinBlockersLists-hosts_browser_git_ZeroDot1/CoinBlockersLists-hosts_browser_git_ZeroDot1/origin.list,2021-01-13 20:37:26.583694
3d0cb547.space,AVAILABILITY,origin.list,/home/runner/work/CoinBlockersLists-hosts_browser_git_ZeroDot1/CoinBlockersLists-hosts_browser_git_ZeroDot1/origin.list,2021-01-13 20:37:33.583745
50-50-pool.burst.beeppool.org,AVAILABILITY,origin.list,/home/runner/work/CoinBlockersLists-hosts_browser_git_ZeroDot1/CoinBlockersLists-hosts_browser_git_ZeroDot1/origin.list,2021-01-13 20:37:44.064752
5vz3cfs0yd.me,AVAILABILITY,origin.list,/home/runner/work/CoinBlockersLists-hosts_browser_git_ZeroDot1/CoinBlockersLists-hosts_browser_git_ZeroDot1/origin.list,2021-01-13 20:37:56.105598
64uq73u7ug.webcam,AVAILABILITY,origin.list,/home/runner/work/CoinBlockersLists-hosts_browser_git_ZeroDot1/CoinBlockersLists-hosts_browser_git_ZeroDot1/origin.list,2021-01-13 20:38:02.769646
6ow9rhxtolls.gq,AVAILABILITY,origin.list,/home/runner/work/CoinBlockersLists-hosts_browser_git_ZeroDot1/CoinBlockersLists-hosts_browser_git_ZeroDot1/origin.list,2021-01-13 20:38:11.996887
6tsbe1zs.me,AVAILABILITY,origin.list,/home/runner/work/CoinBlockersLists-hosts_browser_git_ZeroDot1/CoinBlockersLists-hosts_browser_git_ZeroDot1/origin.list,2021-01-13 20:38:19.089755
8jd2lfsq.me,AVAILABILITY,origin.list,/home/runner/work/CoinBlockersLists-hosts_browser_git_ZeroDot1/CoinBlockersLists-hosts_browser_git_ZeroDot1/origin.list,2021-01-13 20:38:29.049188
ablen01.tk,AVAILABILITY,origin.list,/home/runner/work/CoinBlockersLists-hosts_browser_git_ZeroDot1/CoinBlockersLists-hosts_browser_git_ZeroDot1/origin.list,2021-01-13 20:39:01.768411
ablen02.tk,AVAILABILITY,origin.list,/home/runner/work/CoinBlockersLists-hosts_browser_git_ZeroDot1/CoinBlockersLists-hosts_browser_git_ZeroDot1/origin.list,2021-01-13 20:39:10.223632
ablen03.tk,AVAILABILITY,origin.list,/home/runner/work/CoinBlockersLists-hosts_browser_git_ZeroDot1/CoinBlockersLists-hosts_browser_git_ZeroDot1/origin.list,2021-01-13 20:39:18.336628
ablen04.tk,AVAILABILITY,origin.list,/home/runner/work/CoinBlockersLists-hosts_browser_git_ZeroDot1/CoinBlockersLists-hosts_browser_git_ZeroDot1/origin.list,2021-01-13 20:39:26.752613
ablen05.tk,AVAILABILITY,origin.list,/home/runner/work/CoinBlockersLists-hosts_browser_git_ZeroDot1/CoinBlockersLists-hosts_browser_git_ZeroDot1/origin.list,2021-01-13 20:39:35.016424
ablen06.tk,AVAILABILITY,origin.list,/home/runner/work/CoinBlockersLists-hosts_browser_git_ZeroDot1/CoinBlockersLists-hosts_browser_git_ZeroDot1/origin.list,2021-01-13 20:39:43.817779
ablen07.tk,AVAILABILITY,origin.list,/home/runner/work/CoinBlockersLists-hosts_browser_git_ZeroDot1/CoinBlockersLists-hosts_browser_git_ZeroDot1/origin.list,2021-01-13 20:39:52.092295
ablen08.tk,AVAILABILITY,origin.list,/home/runner/work/CoinBlockersLists-hosts_browser_git_ZeroDot1/CoinBlockersLists-hosts_browser_git_ZeroDot1/origin.list,2021-01-13 20:39:59.887359
ablen09.tk,AVAILABILITY,origin.list,/home/runner/work/CoinBlockersLists-hosts_browser_git_ZeroDot1/CoinBlockersLists-hosts_browser_git_ZeroDot1/origin.list,2021-01-13 20:40:07.567904
ablen10.tk,AVAILABILITY,origin.list,/home/runner/work/CoinBlockersLists-hosts_browser_git_ZeroDot1/CoinBlockersLists-hosts_browser_git_ZeroDot1/origin.list,2021-01-13 20:40:15.469468
ablen11.tk,AVAILABILITY,origin.list,/home/runner/work/CoinBlockersLists-hosts_browser_git_ZeroDot1/CoinBlockersLists-hosts_browser_git_ZeroDot1/origin.list,2021-01-13 20:40:23.194118
ablen12.tk,AVAILABILITY,origin.list,/home/runner/work/CoinBlockersLists-hosts_browser_git_ZeroDot1/CoinBlockersLists-hosts_browser_git_ZeroDot1/origin.list,2021-01-13 20:40:31.413230
acm.beeppool.org,AVAILABILITY,origin.list,/home/runner/work/CoinBlockersLists-hosts_browser_git_ZeroDot1/CoinBlockersLists-hosts_browser_git_ZeroDot1/origin.list,2021-01-13 20:40:52.122309
ad.g-content.bi,AVAILABILITY,origin.list,/home/runner/work/CoinBlockersLists-hosts_browser_git_ZeroDot1/CoinBlockersLists-hosts_browser_git_ZeroDot1/origin.list,2021-01-13 20:41:06.565612
ad.jsecoin.com,AVAILABILITY,origin.list,/home/runner/work/CoinBlockersLists-hosts_browser_git_ZeroDot1/CoinBlockersLists-hosts_browser_git_ZeroDot1/origin.list,2021-01-13 20:41:18.931982
admin.beeppool.org,AVAILABILITY,origin.list,/home/runner/work/CoinBlockersLists-hosts_browser_git_ZeroDot1/CoinBlockersLists-hosts_browser_git_ZeroDot1/origin.list,2021-01-13 20:41:41.338097
admin.cpufan.club,AVAILABILITY,origin.list,/home/runner/work/CoinBlockersLists-hosts_browser_git_ZeroDot1/CoinBlockersLists-hosts_browser_git_ZeroDot1/origin.list,2021-01-13 20:41:47.471768
adplusplus.fr,AVAILABILITY,origin.list,/home/runner/work/CoinBlockersLists-hosts_browser_git_ZeroDot1/CoinBlockersLists-hosts_browser_git_ZeroDot1/origin.list,2021-01-13 20:41:57.825774
adzjzewsma.cf,AVAILABILITY,origin.list,/home/runner/work/CoinBlockersLists-hosts_browser_git_ZeroDot1/CoinBlockersLists-hosts_browser_git_ZeroDot1/origin.list,2021-01-13 20:42:12.896982
aeros02.tk,AVAILABILITY,origin.list,/home/runner/work/CoinBlockersLists-hosts_browser_git_ZeroDot1/CoinBlockersLists-hosts_browser_git_ZeroDot1/origin.list,2021-01-13 20:42:38.070235
aeros03.tk,AVAILABILITY,origin.list,/home/runner/work/CoinBlockersLists-hosts_browser_git_ZeroDot1/CoinBlockersLists-hosts_browser_git_ZeroDot1/origin.list,2021-01-13 20:42:46.567710
aeros04.tk,AVAILABILITY,origin.list,/home/runner/work/CoinBlockersLists-hosts_browser_git_ZeroDot1/CoinBlockersLists-hosts_browser_git_ZeroDot1/origin.list,2021-01-13 20:42:54.717600
aeros05.tk,AVAILABILITY,origin.list,/home/runner/work/CoinBlockersLists-hosts_browser_git_ZeroDot1/CoinBlockersLists-hosts_browser_git_ZeroDot1/origin.list,2021-01-13 20:43:02.865260
aeros06.tk,AVAILABILITY,origin.list,/home/runner/work/CoinBlockersLists-hosts_browser_git_ZeroDot1/CoinBlockersLists-hosts_browser_git_ZeroDot1/origin.list,2021-01-13 20:43:10.890529
aeros07.tk,AVAILABILITY,origin.list,/home/runner/work/CoinBlockersLists-hosts_browser_git_ZeroDot1/CoinBlockersLists-hosts_browser_git_ZeroDot1/origin.list,2021-01-13 20:43:19.478440
aeros08.tk,AVAILABILITY,origin.list,/home/runner/work/CoinBlockersLists-hosts_browser_git_ZeroDot1/CoinBlockersLists-hosts_browser_git_ZeroDot1/origin.list,2021-01-13 20:43:27.222557
aeros09.tk,AVAILABILITY,origin.list,/home/runner/work/CoinBlockersLists-hosts_browser_git_ZeroDot1/CoinBlockersLists-hosts_browser_git_ZeroDot1/origin.list,2021-01-13 20:43:35.652084
aeros10.tk,AVAILABILITY,origin.list,/home/runner/work/CoinBlockersLists-hosts_browser_git_ZeroDot1/CoinBlockersLists-hosts_browser_git_ZeroDot1/origin.list,2021-01-13 20:43:43.481217
aeros11.tk,AVAILABILITY,origin.list,/home/runner/work/CoinBlockersLists-hosts_browser_git_ZeroDot1/CoinBlockersLists-hosts_browser_git_ZeroDot1/origin.list,2021-01-13 20:43:51.444493
aeros12.tk,AVAILABILITY,origin.list,/home/runner/work/CoinBlockersLists-hosts_browser_git_ZeroDot1/CoinBlockersLists-hosts_browser_git_ZeroDot1/origin.list,2021-01-13 20:43:59.287231
afdjljiyagf.ru,AVAILABILITY,origin.list,/home/runner/work/CoinBlockersLists-hosts_browser_git_ZeroDot1/CoinBlockersLists-hosts_browser_git_ZeroDot1/origin.list,2021-01-13 20:44:10.132056
afflow.18-plus.net,AVAILABILITY,origin.list,/home/runner/work/CoinBlockersLists-hosts_browser_git_ZeroDot1/CoinBlockersLists-hosts_browser_git_ZeroDot1/origin.list,2021-01-13 20:44:15.848031
ahoypirate.in,AVAILABILITY,origin.list,/home/runner/work/CoinBlockersLists-hosts_browser_git_ZeroDot1/CoinBlockersLists-hosts_browser_git_ZeroDot1/origin.list,2021-01-13 20:44:29.308247
ahoypiratebaai.eu,AVAILABILITY,origin.list,/home/runner/work/CoinBlockersLists-hosts_browser_git_ZeroDot1/CoinBlockersLists-hosts_browser_git_ZeroDot1/origin.list,2021-01-13 20:45:15.954427
airproxybay.ar,AVAILABILITY,origin.list,/home/runner/work/CoinBlockersLists-hosts_browser_git_ZeroDot1/CoinBlockersLists-hosts_browser_git_ZeroDot1/origin.list,2021-01-13 20:45:26.930171
airproxytpb.re,AVAILABILITY,origin.list,/home/runner/work/CoinBlockersLists-hosts_browser_git_ZeroDot1/CoinBlockersLists-hosts_browser_git_ZeroDot1/origin.list,2021-01-13 20:45:40.276001
ait7ee.win,AVAILABILITY,origin.list,/home/runner/work/CoinBlockersLists-hosts_browser_git_ZeroDot1/CoinBlockersLists-hosts_browser_git_ZeroDot1/origin.list,2021-01-13 20:45:50.108031
ak.cdn-jquery.host,AVAILABILITY,origin.list,/home/runner/work/CoinBlockersLists-hosts_browser_git_ZeroDot1/CoinBlockersLists-hosts_browser_git_ZeroDot1/origin.list,2021-01-13 20:46:02.930333
alflying.bi,AVAILABILITY,origin.list,/home/runner/work/CoinBlockersLists-hosts_browser_git_ZeroDot1/CoinBlockersLists-hosts_browser_git_ZeroDot1/origin.list,2021-01-13 20:46:16.690591
alflying.bid,AVAILABILITY,origin.list,/home/runner/work/CoinBlockersLists-hosts_browser_git_ZeroDot1/CoinBlockersLists-hosts_browser_git_ZeroDot1/origin.list,2021-01-13 20:46:23.059892
alflying.date,AVAILABILITY,origin.list,/home/runner/work/CoinBlockersLists-hosts_browser_git_ZeroDot1/CoinBlockersLists-hosts_browser_git_ZeroDot1/origin.list,2021-01-13 20:46:29.694229
alpha.nimiqpool.com,AVAILABILITY,origin.list,/home/runner/work/CoinBlockersLists-hosts_browser_git_ZeroDot1/CoinBlockersLists-hosts_browser_git_ZeroDot1/origin.list,2021-01-13 20:46:43.799207
alpha3.beeppool.org,AVAILABILITY,origin.list,/home/runner/work/CoinBlockersLists-hosts_browser_git_ZeroDot1/CoinBlockersLists-hosts_browser_git_ZeroDot1/origin.list,2021-01-13 20:46:59.642029
alpha5.beeppool.org,AVAILABILITY,origin.list,/home/runner/work/CoinBlockersLists-hosts_browser_git_ZeroDot1/CoinBlockersLists-hosts_browser_git_ZeroDot1/origin.list,2021-01-13 20:47:09.010460
amhixwqagiz.ru,AVAILABILITY,origin.list,/home/runner/work/CoinBlockersLists-hosts_browser_git_ZeroDot1/CoinBlockersLists-hosts_browser_git_ZeroDot1/origin.list,2021-01-13 20:47:30.306675
analytics.bl,AVAILABILITY,origin.list,/home/runner/work/CoinBlockersLists-hosts_browser_git_ZeroDot1/CoinBlockersLists-hosts_browser_git_ZeroDot1/origin.list,2021-01-13 20:47:36.216023
anx.beeppool.org,AVAILABILITY,origin.list,/home/runner/work/CoinBlockersLists-hosts_browser_git_ZeroDot1/CoinBlockersLists-hosts_browser_git_ZeroDot1/origin.list,2021-01-13 20:48:04.412729
anybest.host,AVAILABILITY,origin.list,/home/runner/work/CoinBlockersLists-hosts_browser_git_ZeroDot1/CoinBlockersLists-hosts_browser_git_ZeroDot1/origin.list,2021-01-13 20:48:11.249315
anybest.pw,AVAILABILITY,origin.list,/home/runner/work/CoinBlockersLists-hosts_browser_git_ZeroDot1/CoinBlockersLists-hosts_browser_git_ZeroDot1/origin.list,2021-01-13 20:48:18.038250
anybest.si,AVAILABILITY,origin.list,/home/runner/work/CoinBlockersLists-hosts_browser_git_ZeroDot1/CoinBlockersLists-hosts_browser_git_ZeroDot1/origin.list,2021-01-13 20:48:25.062530
anybest.space,AVAILABILITY,origin.list,/home/runner/work/CoinBlockersLists-hosts_browser_git_ZeroDot1/CoinBlockersLists-hosts_browser_git_ZeroDot1/origin.list,2021-01-13 20:48:35.321737
api-etn.beeppool.org,AVAILABILITY,origin.list,/home/runner/work/CoinBlockersLists-hosts_browser_git_ZeroDot1/CoinBlockersLists-hosts_browser_git_ZeroDot1/origin.list,2021-01-13 20:49:03.362438
api.1beb2a44.space,AVAILABILITY,origin.list,/home/runner/work/CoinBlockersLists-hosts_browser_git_ZeroDot1/CoinBlockersLists-hosts_browser_git_ZeroDot1/origin.list,2021-01-13 20:49:10.019584
api.300ca0d0.space,AVAILABILITY,origin.list,/home/runner/work/CoinBlockersLists-hosts_browser_git_ZeroDot1/CoinBlockersLists-hosts_browser_git_ZeroDot1/origin.list,2021-01-13 20:49:16.413216
api.310ca263.space,AVAILABILITY,origin.list,/home/runner/work/CoinBlockersLists-hosts_browser_git_ZeroDot1/CoinBlockersLists-hosts_browser_git_ZeroDot1/origin.list,2021-01-13 20:49:22.918959
api.320ca3f6.space,AVAILABILITY,origin.list,/home/runner/work/CoinBlockersLists-hosts_browser_git_ZeroDot1/CoinBlockersLists-hosts_browser_git_ZeroDot1/origin.list,2021-01-13 20:49:29.458972
api.330ca589.space,AVAILABILITY,origin.list,/home/runner/work/CoinBlockersLists-hosts_browser_git_ZeroDot1/CoinBlockersLists-hosts_browser_git_ZeroDot1/origin.list,2021-01-13 20:49:35.964168
api.340ca71c.space,AVAILABILITY,origin.list,/home/runner/work/CoinBlockersLists-hosts_browser_git_ZeroDot1/CoinBlockersLists-hosts_browser_git_ZeroDot1/origin.list,2021-01-13 20:49:42.834421
api.360caa42.space,AVAILABILITY,origin.list,/home/runner/work/CoinBlockersLists-hosts_browser_git_ZeroDot1/CoinBlockersLists-hosts_browser_git_ZeroDot1/origin.list,2021-01-13 20:49:49.511107
api.370cabd5.space,AVAILABILITY,origin.list,/home/runner/work/CoinBlockersLists-hosts_browser_git_ZeroDot1/CoinBlockersLists-hosts_browser_git_ZeroDot1/origin.list,2021-01-13 20:49:56.051858
api.3c0cb3b4.space,AVAILABILITY,origin.list,/home/runner/work/CoinBlockersLists-hosts_browser_git_ZeroDot1/CoinBlockersLists-hosts_browser_git_ZeroDot1/origin.list,2021-01-13 20:50:02.775263
api.3d0cb547.space,AVAILABILITY,origin.list,/home/runner/work/CoinBlockersLists-hosts_browser_git_ZeroDot1/CoinBlockersLists-hosts_browser_git_ZeroDot1/origin.list,2021-01-13 20:50:09.471487
api.aalbbh84.info,AVAILABILITY,origin.list,/home/runner/work/CoinBlockersLists-hosts_browser_git_ZeroDot1/CoinBlockersLists-hosts_browser_git_ZeroDot1/origin.list,2021-01-13 20:50:16.114639
api.aeon.hashvault.pro,AVAILABILITY,origin.list,/home/runner/work/CoinBlockersLists-hosts_browser_git_ZeroDot1/CoinBlockersLists-hosts_browser_git_ZeroDot1/origin.list,2021-01-13 20:50:22.306226
api.bhzejltg.info,AVAILABILITY,origin.list,/home/runner/work/CoinBlockersLists-hosts_browser_git_ZeroDot1/CoinBlockersLists-hosts_browser_git_ZeroDot1/origin.list,2021-01-13 20:50:29.534975
api.coinhive.com,AVAILABILITY,origin.list,/home/runner/work/CoinBlockersLists-hosts_browser_git_ZeroDot1/CoinBlockersLists-hosts_browser_git_ZeroDot1/origin.list,2021-01-13 20:50:48.683199
api.ethereum.hashvault.pro,AVAILABILITY,origin.list,/home/runner/work/CoinBlockersLists-hosts_browser_git_ZeroDot1/CoinBlockersLists-hosts_browser_git_ZeroDot1/origin.list,2021-01-13 20:50:59.633814
api.intense.hashvault.pro,AVAILABILITY,origin.list,/home/runner/work/CoinBlockersLists-hosts_browser_git_ZeroDot1/CoinBlockersLists-hosts_browser_git_ZeroDot1/origin.list,2021-01-13 20:51:05.858166
api.jsecoin.com,AVAILABILITY,origin.list,/home/runner/work/CoinBlockersLists-hosts_browser_git_ZeroDot1/CoinBlockersLists-hosts_browser_git_ZeroDot1/origin.list,2021-01-13 20:51:16.514968
api.l33tsite.info,AVAILABILITY,origin.list,/home/runner/work/CoinBlockersLists-hosts_browser_git_ZeroDot1/CoinBlockersLists-hosts_browser_git_ZeroDot1/origin.list,2021-01-13 20:51:25.101864
api.miner.beeppool.org,AVAILABILITY,origin.list,/home/runner/work/CoinBlockersLists-hosts_browser_git_ZeroDot1/CoinBlockersLists-hosts_browser_git_ZeroDot1/origin.list,2021-01-13 20:51:38.505907
api.monero.hashvault.pro,AVAILABILITY,origin.list,/home/runner/work/CoinBlockersLists-hosts_browser_git_ZeroDot1/CoinBlockersLists-hosts_browser_git_ZeroDot1/origin.list,2021-01-13 20:51:56.317747
api.netflare.info,AVAILABILITY,origin.list,/home/runner/work/CoinBlockersLists-hosts_browser_git_ZeroDot1/CoinBlockersLists-hosts_browser_git_ZeroDot1/origin.list,2021-01-13 20:52:07.797219
api.ppoi.org,AVAILABILITY,origin.list,/home/runner/work/CoinBlockersLists-hosts_browser_git_ZeroDot1/CoinBlockersLists-hosts_browser_git_ZeroDot1/origin.list,2021-01-13 20:52:13.989199
api.pzoifaum.info,AVAILABILITY,origin.list,/home/runner/work/CoinBlockersLists-hosts_browser_git_ZeroDot1/CoinBlockersLists-hosts_browser_git_ZeroDot1/origin.list,2021-01-13 20:52:20.917108
api.sumo.hashvault.pro,AVAILABILITY,origin.list,/home/runner/work/CoinBlockersLists-hosts_browser_git_ZeroDot1/CoinBlockersLists-hosts_browser_git_ZeroDot1/origin.list,2021-01-13 20:52:27.084240
api.sumokoin.hashvault.pro,AVAILABILITY,origin.list,/home/runner/work/CoinBlockersLists-hosts_browser_git_ZeroDot1/CoinBlockersLists-hosts_browser_git_ZeroDot1/origin.list,2021-01-13 20:52:33.485023
appelamule.com,AVAILABILITY,origin.list,/home/runner/work/CoinBlockersLists-hosts_browser_git_ZeroDot1/CoinBlockersLists-hosts_browser_git_ZeroDot1/origin.list,2021-01-13 20:53:05.296414
aqqgli3vle.bid,AVAILABILITY,origin.list,/home/runner/work/CoinBlockersLists-hosts_browser_git_ZeroDot1/CoinBlockersLists-hosts_browser_git_ZeroDot1/origin.list,2021-01-13 20:53:11.707546
argus.beeppool.org,AVAILABILITY,origin.list,/home/runner/work/CoinBlockersLists-hosts_browser_git_ZeroDot1/CoinBlockersLists-hosts_browser_git_ZeroDot1/origin.list,2021-01-13 20:53:22.214844
as.cf,AVAILABILITY,origin.list,/home/runner/work/CoinBlockersLists-hosts_browser_git_ZeroDot1/CoinBlockersLists-hosts_browser_git_ZeroDot1/origin.list,2021-01-13 20:53:41.216718
as.cfcdist.loan,AVAILABILITY,origin.list,/home/runner/work/CoinBlockersLists-hosts_browser_git_ZeroDot1/CoinBlockersLists-hosts_browser_git_ZeroDot1/origin.list,2021-01-13 20:53:47.694072
as.cfcnet.to,AVAILABILITY,origin.list,/home/runner/work/CoinBlockersLists-hosts_browser_git_ZeroDot1/CoinBlockersLists-hosts_browser_git_ZeroDot1/origin.list,2021-01-13 20:53:54.819635
as.cfcnet.top,AVAILABILITY,origin.list,/home/runner/work/CoinBlockersLists-hosts_browser_git_ZeroDot1/CoinBlockersLists-hosts_browser_git_ZeroDot1/origin.list,2021-01-13 20:54:02.020070
as1.cfcnet.gdn,AVAILABILITY,origin.list,/home/runner/work/CoinBlockersLists-hosts_browser_git_ZeroDot1/CoinBlockersLists-hosts_browser_git_ZeroDot1/origin.list,2021-01-13 20:54:10.387941
aservices.pa,AVAILABILITY,origin.list,/home/runner/work/CoinBlockersLists-hosts_browser_git_ZeroDot1/CoinBlockersLists-hosts_browser_git_ZeroDot1/origin.list,2021-01-13 20:54:18.202672
asia-mine.beeppool.org,AVAILABILITY,origin.list,/home/runner/work/CoinBlockersLists-hosts_browser_git_ZeroDot1/CoinBlockersLists-hosts_browser_git_ZeroDot1/origin.list,2021-01-14 01:13:22.998374
asia.x11.beeppool.org,AVAILABILITY,origin.list,/home/runner/work/CoinBlockersLists-hosts_browser_git_ZeroDot1/CoinBlockersLists-hosts_browser_git_ZeroDot1/origin.list,2021-01-14 01:13:40.597486
asia1.cpufan.club,AVAILABILITY,origin.list,/home/runner/work/CoinBlockersLists-hosts_browser_git_ZeroDot1/CoinBlockersLists-hosts_browser_git_ZeroDot1/origin.list,2021-01-14 01:13:47.011712
aster18cdn.nl,AVAILABILITY,origin.list,/home/runner/work/CoinBlockersLists-hosts_browser_git_ZeroDot1/CoinBlockersLists-hosts_browser_git_ZeroDot1/origin.list,2021-01-14 01:14:00.135177
aster18prx.nl,AVAILABILITY,origin.list,/home/runner/work/CoinBlockersLists-hosts_browser_git_ZeroDot1/CoinBlockersLists-hosts_browser_git_ZeroDot1/origin.list,2021-01-14 01:14:07.061727
asvoxod.ru,AVAILABILITY,origin.list,/home/runner/work/CoinBlockersLists-hosts_browser_git_ZeroDot1/CoinBlockersLists-hosts_browser_git_ZeroDot1/origin.list,2021-01-14 01:14:21.946803
at02.beeppool.org,AVAILABILITY,origin.list,/home/runner/work/CoinBlockersLists-hosts_browser_git_ZeroDot1/CoinBlockersLists-hosts_browser_git_ZeroDot1/origin.list,2021-01-14 01:14:35.420492
atlanta01.monero.hashvault.pro,AVAILABILITY,origin.list,/home/runner/work/CoinBlockersLists-hosts_browser_git_ZeroDot1/CoinBlockersLists-hosts_browser_git_ZeroDot1/origin.list,2021-01-14 01:14:41.652547
atomi.beeppool.org,AVAILABILITY,origin.list,/home/runner/work/CoinBlockersLists-hosts_browser_git_ZeroDot1/CoinBlockersLists-hosts_browser_git_ZeroDot1/origin.list,2021-01-14 01:14:48.614290
au2.beeppool.org,AVAILABILITY,origin.list,/home/runner/work/CoinBlockersLists-hosts_browser_git_ZeroDot1/CoinBlockersLists-hosts_browser_git_ZeroDot1/origin.list,2021-01-14 01:14:59.828618
au5.beeppool.org,AVAILABILITY,origin.list,/home/runner/work/CoinBlockersLists-hosts_browser_git_ZeroDot1/CoinBlockersLists-hosts_browser_git_ZeroDot1/origin.list,2021-01-14 01:15:14.479755
augvtjtnsfnxg.ru,AVAILABILITY,origin.list,/home/runner/work/CoinBlockersLists-hosts_browser_git_ZeroDot1/CoinBlockersLists-hosts_browser_git_ZeroDot1/origin.list,2021-01-14 01:15:25.244853
auiehechoulh.ru,AVAILABILITY,origin.list,/home/runner/work/CoinBlockersLists-hosts_browser_git_ZeroDot1/CoinBlockersLists-hosts_browser_git_ZeroDot1/origin.list,2021-01-14 01:15:35.666044
authedmine.eu,AVAILABILITY,origin.list,/home/runner/work/CoinBlockersLists-hosts_browser_git_ZeroDot1/CoinBlockersLists-hosts_browser_git_ZeroDot1/origin.list,2021-01-14 01:15:57.671545
autologica.ga,AVAILABILITY,origin.list,/home/runner/work/CoinBlockersLists-hosts_browser_git_ZeroDot1/CoinBlockersLists-hosts_browser_git_ZeroDot1/origin.list,2021-01-14 01:16:24.930878
avualrhg9p.bid,AVAILABILITY,origin.list,/home/runner/work/CoinBlockersLists-hosts_browser_git_ZeroDot1/CoinBlockersLists-hosts_browser_git_ZeroDot1/origin.list,2021-01-14 01:16:38.079804
avualrhg9p0.bid,AVAILABILITY,origin.list,/home/runner/work/CoinBlockersLists-hosts_browser_git_ZeroDot1/CoinBlockersLists-hosts_browser_git_ZeroDot1/origin.list,2021-01-14 01:16:44.828060
awu.01.psychomining.de,AVAILABILITY,origin.list,/home/runner/work/CoinBlockersLists-hosts_browser_git_ZeroDot1/CoinBlockersLists-hosts_browser_git_ZeroDot1/origin.list,2021-01-14 01:16:51.549850
aymcsx.ru,AVAILABILITY,origin.list,/home/runner/work/CoinBlockersLists-hosts_browser_git_ZeroDot1/CoinBlockersLists-hosts_browser_git_ZeroDot1/origin.list,2021-01-14 01:17:06.411415
back4.2giga.link,AVAILABILITY,origin.list,/home/runner/work/CoinBlockersLists-hosts_browser_git_ZeroDot1/CoinBlockersLists-hosts_browser_git_ZeroDot1/origin.list,2021-01-14 01:17:31.011497
backend.freecontent.win,AVAILABILITY,origin.list,/home/runner/work/CoinBlockersLists-hosts_browser_git_ZeroDot1/CoinBlockersLists-hosts_browser_git_ZeroDot1/origin.list,2021-01-14 01:17:37.275960
backupexplorer.beeppool.org,AVAILABILITY,origin.list,/home/runner/work/CoinBlockersLists-hosts_browser_git_ZeroDot1/CoinBlockersLists-hosts_browser_git_ZeroDot1/origin.list,2021-01-14 01:17:53.207074
bauersagtnein.myeffect.net,AVAILABILITY,origin.list,/home/runner/work/CoinBlockersLists-hosts_browser_git_ZeroDot1/CoinBlockersLists-hosts_browser_git_ZeroDot1/origin.list,2021-01-14 01:18:09.196836
bayception.org,AVAILABILITY,origin.list,/home/runner/work/CoinBlockersLists-hosts_browser_git_ZeroDot1/CoinBlockersLists-hosts_browser_git_ZeroDot1/origin.list,2021-01-14 01:18:19.617828
bayhypertpb.be,AVAILABILITY,origin.list,/home/runner/work/CoinBlockersLists-hosts_browser_git_ZeroDot1/CoinBlockersLists-hosts_browser_git_ZeroDot1/origin.list,2021-01-14 01:18:29.598614
baywttgdhe.do,AVAILABILITY,origin.list,/home/runner/work/CoinBlockersLists-hosts_browser_git_ZeroDot1/CoinBlockersLists-hosts_browser_git_ZeroDot1/origin.list,2021-01-14 01:18:46.775032
baywttgdhe.download,AVAILABILITY,origin.list,/home/runner/work/CoinBlockersLists-hosts_browser_git_ZeroDot1/CoinBlockersLists-hosts_browser_git_ZeroDot1/origin.list,2021-01-14 01:18:53.880518
bci-eu.beeppool.org,AVAILABILITY,origin.list,/home/runner/work/CoinBlockersLists-hosts_browser_git_ZeroDot1/CoinBlockersLists-hosts_browser_git_ZeroDot1/origin.list,2021-01-14 01:19:02.934924
bcn.cpufan.club,AVAILABILITY,origin.list,/home/runner/work/CoinBlockersLists-hosts_browser_git_ZeroDot1/CoinBlockersLists-hosts_browser_git_ZeroDot1/origin.list,2021-01-14 01:19:09.276560
berserkpl.net.pl,AVAILABILITY,origin.list,/home/runner/work/CoinBlockersLists-hosts_browser_git_ZeroDot1/CoinBlockersLists-hosts_browser_git_ZeroDot1/origin.list,2021-01-14 01:19:36.323925
best-cdn.pl,AVAILABILITY,origin.list,/home/runner/work/CoinBlockersLists-hosts_browser_git_ZeroDot1/CoinBlockersLists-hosts_browser_git_ZeroDot1/origin.list,2021-01-14 01:19:50.054988
beta.coinblind.com,AVAILABILITY,origin.list,/home/runner/work/CoinBlockersLists-hosts_browser_git_ZeroDot1/CoinBlockersLists-hosts_browser_git_ZeroDot1/origin.list,2021-01-14 01:20:09.352751
beta.coinrail.io,AVAILABILITY,origin.list,/home/runner/work/CoinBlockersLists-hosts_browser_git_ZeroDot1/CoinBlockersLists-hosts_browser_git_ZeroDot1/origin.list,2021-01-14 01:20:16.382267
beta.nimiqpool.com,AVAILABILITY,origin.list,/home/runner/work/CoinBlockersLists-hosts_browser_git_ZeroDot1/CoinBlockersLists-hosts_browser_git_ZeroDot1/origin.list,2021-01-14 01:20:27.675085
bewhoyouare.gq,AVAILABILITY,origin.list,/home/runner/work/CoinBlockersLists-hosts_browser_git_ZeroDot1/CoinBlockersLists-hosts_browser_git_ZeroDot1/origin.list,2021-01-14 01:20:40.032252
bhzejltg.info,AVAILABILITY,origin.list,/home/runner/work/CoinBlockersLists-hosts_browser_git_ZeroDot1/CoinBlockersLists-hosts_browser_git_ZeroDot1/origin.list,2021-01-14 01:20:49.890859
bip.beeppool.org,AVAILABILITY,origin.list,/home/runner/work/CoinBlockersLists-hosts_browser_git_ZeroDot1/CoinBlockersLists-hosts_browser_git_ZeroDot1/origin.list,2021-01-14 01:21:10.617755
bjorksta.me,AVAILABILITY,origin.list,/home/runner/work/CoinBlockersLists-hosts_browser_git_ZeroDot1/CoinBlockersLists-hosts_browser_git_ZeroDot1/origin.list,2021-01-14 01:21:27.721561
bjorksta.men,AVAILABILITY,origin.list,/home/runner/work/CoinBlockersLists-hosts_browser_git_ZeroDot1/CoinBlockersLists-hosts_browser_git_ZeroDot1/origin.list,2021-01-14 01:21:34.094000
blockchain.jsecoin.com,AVAILABILITY,origin.list,/home/runner/work/CoinBlockersLists-hosts_browser_git_ZeroDot1/CoinBlockersLists-hosts_browser_git_ZeroDot1/origin.list,2021-01-14 01:21:40.575073
blockchained.party,AVAILABILITY,origin.list,/home/runner/work/CoinBlockersLists-hosts_browser_git_ZeroDot1/CoinBlockersLists-hosts_browser_git_ZeroDot1/origin.list,2021-01-14 01:21:47.374324
blog.beeppool.org,AVAILABILITY,origin.list,/home/runner/work/CoinBlockersLists-hosts_browser_git_ZeroDot1/CoinBlockersLists-hosts_browser_git_ZeroDot1/origin.list,2021-01-14 01:21:58.045098
blueproxy.bl,AVAILABILITY,origin.list,/home/runner/work/CoinBlockersLists-hosts_browser_git_ZeroDot1/CoinBlockersLists-hosts_browser_git_ZeroDot1/origin.list,2021-01-14 04:54:54.635346
bmcm.ml,AVAILABILITY,origin.list,/home/runner/work/CoinBlockersLists-hosts_browser_git_ZeroDot1/CoinBlockersLists-hosts_browser_git_ZeroDot1/origin.list,2021-01-14 04:55:05.193387
bmnadutub.ru,AVAILABILITY,origin.list,/home/runner/work/CoinBlockersLists-hosts_browser_git_ZeroDot1/CoinBlockersLists-hosts_browser_git_ZeroDot1/origin.list,2021-01-14 04:55:17.948740
bowithow.com,AVAILABILITY,origin.list,/home/runner/work/CoinBlockersLists-hosts_browser_git_ZeroDot1/CoinBlockersLists-hosts_browser_git_ZeroDot1/origin.list,2021-01-14 04:55:33.910682
brainwallet.beeppool.org,AVAILABILITY,origin.list,/home/runner/work/CoinBlockersLists-hosts_browser_git_ZeroDot1/CoinBlockersLists-hosts_browser_git_ZeroDot1/origin.list,2021-01-14 04:55:48.731325
bsyauqwerd.pa,AVAILABILITY,origin.list,/home/runner/work/CoinBlockersLists-hosts_browser_git_ZeroDot1/CoinBlockersLists-hosts_browser_git_ZeroDot1/origin.list,2021-01-14 04:56:12.378297
bsyauqwerd.party,AVAILABILITY,origin.list,/home/runner/work/CoinBlockersLists-hosts_browser_git_ZeroDot1/CoinBlockersLists-hosts_browser_git_ZeroDot1/origin.list,2021-01-14 04:56:18.907533
btc.cpufan.club,AVAILABILITY,origin.list,/home/runner/work/CoinBlockersLists-hosts_browser_git_ZeroDot1/CoinBlockersLists-hosts_browser_git_ZeroDot1/origin.list,2021-01-14 04:56:25.314176
btcprofit.onlinetradingplatform.pro,AVAILABILITY,origin.list,/home/runner/work/CoinBlockersLists-hosts_browser_git_ZeroDot1/CoinBlockersLists-hosts_browser_git_ZeroDot1/origin.list,2021-01-14 04:56:31.950546
btx-hz.beeppool.org,AVAILABILITY,origin.list,/home/runner/work/CoinBlockersLists-hosts_browser_git_ZeroDot1/CoinBlockersLists-hosts_browser_git_ZeroDot1/origin.list,2021-01-14 04:56:45.913429
bulls.nimiqpool.com,AVAILABILITY,origin.list,/home/runner/work/CoinBlockersLists-hosts_browser_git_ZeroDot1/CoinBlockersLists-hosts_browser_git_ZeroDot1/origin.list,2021-01-14 04:57:08.019204
business.beeppool.org,AVAILABILITY,origin.list,/home/runner/work/CoinBlockersLists-hosts_browser_git_ZeroDot1/CoinBlockersLists-hosts_browser_git_ZeroDot1/origin.list,2021-01-14 04:57:18.109422
buy.beeppool.org,AVAILABILITY,origin.list,/home/runner/work/CoinBlockersLists-hosts_browser_git_ZeroDot1/CoinBlockersLists-hosts_browser_git_ZeroDot1/origin.list,2021-01-14 04:57:34.364298
buyandfun.review,AVAILABILITY,origin.list,/home/runner/work/CoinBlockersLists-hosts_browser_git_ZeroDot1/CoinBlockersLists-hosts_browser_git_ZeroDot1/origin.list,2021-01-14 04:57:41.167585
c0i8h8ac7e.bid,AVAILABILITY,origin.list,/home/runner/work/CoinBlockersLists-hosts_browser_git_ZeroDot1/CoinBlockersLists-hosts_browser_git_ZeroDot1/origin.list,2021-01-14 04:57:53.895290
carrel.services,AVAILABILITY,origin.list,/home/runner/work/CoinBlockersLists-hosts_browser_git_ZeroDot1/CoinBlockersLists-hosts_browser_git_ZeroDot1/origin.list,2021-01-14 08:56:04.142023
carry.myeffect.net,AVAILABILITY,origin.list,/home/runner/work/CoinBlockersLists-hosts_browser_git_ZeroDot1/CoinBlockersLists-hosts_browser_git_ZeroDot1/origin.list,2021-01-14 08:56:10.353996
cc.gofile.io,AVAILABILITY,origin.list,/home/runner/work/CoinBlockersLists-hosts_browser_git_ZeroDot1/CoinBlockersLists-hosts_browser_git_ZeroDot1/origin.list,2021-01-14 08:56:22.351632
ccvwtdtwyu.tr,AVAILABILITY,origin.list,/home/runner/work/CoinBlockersLists-hosts_browser_git_ZeroDot1/CoinBlockersLists-hosts_browser_git_ZeroDot1/origin.list,2021-01-14 08:56:29.413775
ccvwtdtwyu.trade,AVAILABILITY,origin.list,/home/runner/work/CoinBlockersLists-hosts_browser_git_ZeroDot1/CoinBlockersLists-hosts_browser_git_ZeroDot1/origin.list,2021-01-14 08:56:36.603022
cd.freecontent.win,AVAILABILITY,origin.list,/home/runner/work/CoinBlockersLists-hosts_browser_git_ZeroDot1/CoinBlockersLists-hosts_browser_git_ZeroDot1/origin.list,2021-01-14 08:56:42.988487
cdjchpojgifwc.ru,AVAILABILITY,origin.list,/home/runner/work/CoinBlockersLists-hosts_browser_git_ZeroDot1/CoinBlockersLists-hosts_browser_git_ZeroDot1/origin.list,2021-01-14 08:56:53.242935
cdn-analytics.pl,AVAILABILITY,origin.list,/home/runner/work/CoinBlockersLists-hosts_browser_git_ZeroDot1/CoinBlockersLists-hosts_browser_git_ZeroDot1/origin.list,2021-01-14 12:51:36.459274
cdn-jquery.host,AVAILABILITY,origin.list,/home/runner/work/CoinBlockersLists-hosts_browser_git_ZeroDot1/CoinBlockersLists-hosts_browser_git_ZeroDot1/origin.list,2021-01-14 12:51:46.101479
cdn.ajcryptominer.com,AVAILABILITY,origin.list,/home/runner/work/CoinBlockersLists-hosts_browser_git_ZeroDot1/CoinBlockersLists-hosts_browser_git_ZeroDot1/origin.list,2021-01-14 12:51:58.022673
cdn.cloudcoins.co,AVAILABILITY,origin.list,/home/runner/work/CoinBlockersLists-hosts_browser_git_ZeroDot1/CoinBlockersLists-hosts_browser_git_ZeroDot1/origin.list,2021-01-14 12:52:11.727810
